user_id,search_query,search_filter,search_time
duvmx3xjg,대구미술관,지역,2023-01-01 10:39:39
rnnvr7zyn,정선공영주차장,업종,2023-01-02 03:15:15
fgmts3if1,대한안과의사회 YB안과 ,업종,2023-01-06 01:08:44
devjawpal,청남대,시설명,2023-01-06 23:17:51
ysfqmu4g3,루가의료재단 나은병원,지역,2023-01-07 01:49:59
eahxw0e8r,전북대학교병원,시설명,2023-01-07 06:17:49
agkphj25i,부산은행,시설명,2023-01-08 04:45:09
tmrot26tc,감귤박물관,업종,2023-01-08 07:10:50
abmocsxgb,양주시 회암사지박물관,지역,2023-01-08 08:09:50
vmxoxwn7w,힐 카페,지역,2023-01-08 12:15:22
tsgdjlrs5,대한안과의사회 수정안과 ,지역,2023-01-08 21:13:49
ylvotq7ez,남해군 체육시설,시설명,2023-01-10 06:53:35
nkafx6cvz,누네안과병원 남양주,지역,2023-01-10 08:56:43
qrvwlgvrr, 주 바일테크놀러지,시설명,2023-01-10 12:38:37
tmagio4bx,태백시 평생학습관,시설명,2023-01-11 17:07:41
nejgmq8yc,강원도민프로축구단,시설명,2023-01-12 13:00:59
ibefh48kh,서초구 보건소,업종,2023-01-12 21:50:27
vdhdax75s,세종시 공영주차장,업종,2023-01-13 05:15:41
bdyexgdm5,충남 홍성의료원,지역,2023-01-13 14:46:37
qdffo7xk3,고성군 공설주차장,시설명,2023-01-15 17:01:05
dqgtnui7q,대한안과의사회_공덕서울안과,업종,2023-01-16 03:04:22
dzivlmj2s,양평군 공설장사시설,업종,2023-01-17 08:06:25
hiwwkor9t,SKY하늘안과의원,지역,2023-01-17 21:49:50
dzivlmj2s,대구동부여성문화회관,시설명,2023-01-19 23:19:20
gdnerdo1m,서산시 공영주차장,업종,2023-01-20 10:29:35
azkcnfhim,변산자연휴양림,업종,2023-01-21 17:10:06
tyhzhtmbl,동두천시 평생학습관,지역,2023-01-22 01:13:07
kgvxk42r9,여수시 체육시설,업종,2023-01-22 10:30:40
ursxtmxys,송원대학교,시설명,2023-01-23 00:55:12
govzrco30,퍼스트짐 휘트니스,시설명,2023-01-23 10:09:55
stqhwv486,전주시네마타운,업종,2023-01-23 13:03:42
ibwpyu9fw,동수원한방병원,업종,2023-01-24 00:15:44
ilneuz4as,행복한치과,지역,2023-01-24 12:34:12
hzvomj21b,아이티스쿨정보기술교육원,시설명,2023-01-25 09:34:47
ehzrxlqhm,백제병원,업종,2023-01-26 00:49:05
xjqxbpj6v,인천광역시 청소년시설,지역,2023-01-26 03:42:22
ekqzhi1vw,운문산휴양림,업종,2023-01-26 09:28:50
xtwkfh4cr,엠플러스병원,업종,2023-01-26 09:52:32
uzomql1nk,송원대학교,지역,2023-01-26 13:20:01
iutzzq3de,청주동물원,지역,2023-01-28 21:12:27
uzomql1nk,우리안경콘택트,업종,2023-01-29 10:39:38
lwulzx82c,삼성힐정형외과,지역,2023-01-29 12:05:02
ekdyrknn4,안산시 체육시설,지역,2023-01-29 13:21:08
xbvlvhcnk,함안군 강나루오토캠핑장,업종,2023-01-29 18:05:44
fzbet3wka,남해군 체육시설,시설명,2023-01-29 21:41:03
tsgdjlrs5,통영옻칠미술관,업종,2023-01-31 01:52:44
tzneps46u,디딤병원,시설명,2023-01-31 09:39:43
mirwbyrr8,대명콘도 양평 ,지역,2023-01-31 23:03:31
qoedygzsx,SKY하늘안과의원,업종,2023-01-31 23:41:39
wdubyleev,동해동인병원,시설명,2023-02-02 13:11:00
zzltb8q0r,칠보산휴양림,지역,2023-02-03 16:22:58
rewvmutof, 주 아신아트컴퍼니,업종,2023-02-03 17:58:29
ttgafh02v,부산신세계안과,시설명,2023-02-04 02:21:36
rxxzif91l,인천광역시 시립체육시설,업종,2023-02-04 05:50:12
fqewnrdua,DW아카데미학원,지역,2023-02-05 16:10:15
qgjwmd1ja,퍼시픽리솜,업종,2023-02-07 14:24:50
xxsjwciy4,강서구 체육시설,업종,2023-02-07 19:03:12
afiwyez5f,전주신기독병원,지역,2023-02-07 19:23:32
gyyqvv6bt,동수원병원,지역,2023-02-08 00:30:20
xyysgnysn,인천광역시 남동구 공영주차장,지역,2023-02-08 02:15:03
xftvpxxkb,사천시 체육시설,시설명,2023-02-09 07:21:03
stivmzzws,세일직업전문학교,지역,2023-02-09 21:19:46
fylquyiot,한번에치과,시설명,2023-02-09 21:43:53
lcyvm652c,철원군 고석정 및 철의 삼각지,시설명,2023-02-10 05:23:05
aycbte3hi,광주한국병원,업종,2023-02-10 16:47:18
jmjgkspe9,수원시 공영주차장,시설명,2023-02-10 18:30:18
lcggnpyx2,한길이에스티,지역,2023-02-10 21:52:48
ftxsmuho6,금정국민체육센터,시설명,2023-02-12 08:26:19
twvbwglba,대명콘도 설악 ,업종,2023-02-13 14:08:17
jpthma5uz,대한안과의사회 굿모닝안과 ,지역,2023-02-13 15:07:27
gszbmhb32,올리브안경갤러리,시설명,2023-02-13 20:11:35
hmabdjri5,대구 누네안과병원,시설명,2023-02-14 04:18:43
ugqrkhgoz,회문산휴양림,시설명,2023-02-14 04:30:26
hoyjojmf5,하늘안과,지역,2023-02-15 22:52:13
axdcdyj1c,대한안과의사회 대구현대안과 ,시설명,2023-02-16 02:30:36
yfsdiirka,의령 국민체육센터,시설명,2023-02-16 07:44:01
yetqichcu,양주스파월드,지역,2023-02-16 19:14:46
qgmumz4u9,제주별빛누리공원,업종,2023-02-16 22:52:18
tzqylele8,두류수영장,시설명,2023-02-16 23:13:16
ckhupfvxh,상주박물관,시설명,2023-02-17 05:52:03
munuumotg,관악구 공영주차장,업종,2023-02-17 08:19:57
sgoookho6,동두천시 평생학습관,시설명,2023-02-17 23:15:12
dfhhggi3x,해녀박물관,업종,2023-02-18 08:43:01
bsyeylkd4,안경매니져 제주아라점,지역,2023-02-18 09:00:26
irhxvep9p,가평군 조종생활체육공원,지역,2023-02-18 09:02:12
hzagotdtg,밝은성모안과,지역,2023-02-18 14:16:22
rtmsj2eqi,그랜드우리안과,업종,2023-02-18 18:48:36
agfrv2dnq,금호콘도 화순 ,시설명,2023-02-19 00:16:45
daubotkg4,양평병원,시설명,2023-02-20 01:50:45
xqbksdaik,참사랑문화의집,시설명,2023-02-20 18:05:23
bmdsqzwyt,금성제지기계,시설명,2023-02-21 00:24:20
ovdhsj0kk,시흥시 공영주차장,시설명,2023-02-21 01:38:00
gcqoyg15y,서귀포해양도립공원,업종,2023-02-22 04:13:13
tjxrc4n5q,진주시 능력개발관,시설명,2023-02-22 19:00:51
llwiex566,대명콘도 양평 ,시설명,2023-02-23 05:19:48
zixne9oe5,창원제일종합병원,업종,2023-02-25 00:20:07
dwupob1cz,허브동산,업종,2023-02-26 08:18:06
vinfdqwjq,광양시 보건소,업종,2023-02-26 16:39:59
ttoceptjj,라파엘플랜트 치과의원,지역,2023-02-27 02:15:50
partv8rdk,김해시 보건소,시설명,2023-02-27 12:25:48
xpygemcoh,영월 동서강정원,시설명,2023-02-27 17:37:09
zoqyygymj,진주익룡발자국전시관,시설명,2023-02-28 02:53:58
ldxondv00,설악썬밸리 리조트,시설명,2023-02-28 06:52:07
osrho21gh,과천시 문화교육센터,업종,2023-02-28 15:43:31
ejjht31ka,인천광역시 청사 부설주차장,업종,2023-03-01 17:14:53
fbupnwl2r,목포국제축구센터 시설,지역,2023-03-01 20:41:22
wpdkz7960,고성군 문화체육센터,시설명,2023-03-01 22:27:41
aoziflmey,E-world 구 우방랜드 ,업종,2023-03-02 12:52:59
ahpkg9upx,대한안과의사회 보다안과 ,지역,2023-03-03 04:08:16
imjrlo7o2,울산중구 공영주차장,업종,2023-03-03 09:01:31
qclsd7ci0,가평군 가평파크골프장,업종,2023-03-03 09:04:07
eexkp7stl,태백시 주차장,업종,2023-03-03 09:12:55
hxbzxjmku,거제시 체육시설,시설명,2023-03-03 12:52:31
zapvr1rql,밝은미소안과,지역,2023-03-04 09:11:09
ntalu01kd,대한안과의사회 세란안과 ,지역,2023-03-04 14:04:35
vutuvvrt0,동천안직업전문학교,업종,2023-03-04 14:48:29
xaxicu8l5,원치과,시설명,2023-03-04 18:02:37
qbmcklfp2,거제식물원,업종,2023-03-05 07:18:25
jfasz9zzd,가평군 주민자치센터,지역,2023-03-05 08:47:23
kbuudujy8,MK치과,업종,2023-03-05 09:14:08
adjxsjk9r,구로구 체육시설,지역,2023-03-07 12:00:32
wbcfeg27c,중랑구 평생학습관,업종,2023-03-08 16:26:58
dxraxh4hh,대한안과의사회 좋은사람들 성모안과 ,시설명,2023-03-09 07:30:48
qgknm4vaz,온누리안과,시설명,2023-03-09 07:58:55
ybyuztbj1,부산광역시 부산진구 공영주차장,업종,2023-03-09 13:28:50
anngphnhj,외도 보타니아,시설명,2023-03-09 19:20:18
zxvxxt1vj,옥천군 공영주차장,시설명,2023-03-11 22:38:12
bfjlew4n5,부산진구 체육시설,시설명,2023-03-12 04:47:34
xtdxr3v2c,강서구 체육시설,업종,2023-03-12 15:16:30
sfkzbgnz8,군포시 주차장,시설명,2023-03-13 02:03:52
qpwlzr74c,구트병원,업종,2023-03-13 04:54:59
ymsxirpgs,창녕오리정운동장,업종,2023-03-13 05:39:53
dnulvfw8p,아이닉안과,시설명,2023-03-13 16:34:05
xidsu2b3v,청남직업전문학교,시설명,2023-03-14 08:17:10
yduww7wgu,양주시 덕정돔구장,시설명,2023-03-14 09:56:06
ehzrxlqhm,충주의료원,시설명,2023-03-14 14:58:32
qxppg5jnr,가리왕산휴양림,시설명,2023-03-14 18:36:21
qgngus3y0,광명시 체육시설,지역,2023-03-15 20:31:42
miumtjm9p,군포시 평생학습원,시설명,2023-03-15 22:21:08
kqqpkwt29,청주시립요양병원,지역,2023-03-15 23:07:32
gkopp7och,구리시 시립테니스장,업종,2023-03-16 02:06:26
iiilcp17e,가평군 설악야구장,지역,2023-03-16 05:41:04
iqjqhhxc5,거창군 수승대야영장,지역,2023-03-17 11:16:00
bvqpjevp4,대한미용사회 충청북도지회,시설명,2023-03-17 11:47:24
rjuul7lmm,이크루즈,업종,2023-03-17 19:49:30
tdycm552p,고성공룡박물관,시설명,2023-03-18 14:09:34
qlhtlilui,동두천시 공영주차장,지역,2023-03-19 01:50:52
ezjkyx5pc,헌릉,업종,2023-03-19 04:06:15
zdqes7l6g,산음휴양림,지역,2023-03-20 01:35:26
ndyhl327n,교보문고 울산점,업종,2023-03-20 01:56:32
ifgyoh9e4,대덕승마장,업종,2023-03-21 09:20:15
ttvgkb9qu,청도용암웰빙스파,업종,2023-03-21 13:10:50
hunrseygq,인천광역시 청소년시설,시설명,2023-03-21 13:22:51
wzzlkewar,DW아카데미학원,시설명,2023-03-21 14:38:54
xjtzjgg4v,인천광역시 연수구 공영주차장,지역,2023-03-21 16:24:40
ilkjwpubj,서울사이버대학교,업종,2023-03-21 16:33:49
uvfejjm7q,곡성군 장사시설,업종,2023-03-21 22:17:11
gcldio3sp,진천군 보건소,업종,2023-03-22 05:31:11
vjtecnoqt,성애병원,업종,2023-03-23 05:52:59
xaziq39tu,스마트원치과병원,지역,2023-03-24 15:38:29
wcmatq0xq,가톨릭대학교 인천성모병원,업종,2023-03-24 20:09:39
nnjlauj1u,상주시노인종합복지관,업종,2023-03-25 02:06:34
twtcdejfp,군 복지시설_휴양시설,시설명,2023-03-25 02:55:50
xtrqpieg1,제주민속자연사박물관,지역,2023-03-25 08:13:47
gnerxk0jn,성남중앙병원,업종,2023-03-25 20:33:15
unwmwag2x,관악구 체육시설,지역,2023-03-26 22:40:05
skjzaapd8,양주시 서부권스포츠센터,시설명,2023-03-30 03:04:06
kwwdb3gly,반디별천문과학관,지역,2023-03-30 06:34:35
bwnqqoecc,두류수영장,지역,2023-03-30 09:42:43
qsndwukkf,우리안경콘택트,지역,2023-03-30 20:22:25
vuzfywfxa,평창군 대관령휴게소 주차장,지역,2023-03-30 23:23:57
bvfxxzalt,조은소리보청기대구점,업종,2023-03-31 03:35:07
hiwvhp9qf,태백산재병원,지역,2023-03-31 09:20:41
oyirm9ppa,함안군 보건소,업종,2023-03-31 15:44:46
mugktg52n,상지대부속한방병원,지역,2023-03-31 19:47:37
jcjbc4ohd,경일대학교,지역,2023-04-02 02:55:56
zapvr1rql,헌릉,시설명,2023-04-02 19:52:15
iergnu9wg,경주월드,업종,2023-04-03 20:39:42
gxnayeygp,부산은행,업종,2023-04-04 04:40:13
bqdkbbjps,예이재한방병원,업종,2023-04-05 22:33:22
vlifq1m3n,부산광역시 사하구 공영주차장,지역,2023-04-06 23:51:39
eleqhhqpd,제주목관아,지역,2023-04-07 22:55:41
vkoshrfww,아이투아이안경원,업종,2023-04-08 05:20:36
ycdszkrur,대한안과의사회 조병춘안과 ,시설명,2023-04-09 01:05:53
vuzfywfxa,금천구립도서관,지역,2023-04-09 02:01:13
qmlst8d1s,하동군 국민체육센터,업종,2023-04-09 23:45:24
vpnedkbh4,영광군 청사 부설주차장,업종,2023-04-10 03:09:16
cuqrtld60,상주박물관,업종,2023-04-10 06:14:54
yfjxhstve,인제대학교서울백병원,시설명,2023-04-10 22:27:33
berfx71xo,대한안과의사회 에스안과 ,업종,2023-04-11 00:50:54
ctsyzcsfl,곡성군 자연휴식지,지역,2023-04-12 10:27:11
tpghzaaea,담양군 보건소,시설명,2023-04-13 15:38:13
xkuqdwkx8,밝고고운안과,지역,2023-04-14 01:32:12
xyysgnysn,진주청동기문화박물관,업종,2023-04-15 00:43:41
nhjudcr22,충북대학교병원,시설명,2023-04-15 00:58:02
ilneuz4as,하나로의료재단,지역,2023-04-15 03:40:12
cgfklswoe,영월 동서강정원,업종,2023-04-15 05:40:05
lcqzk3wg4,성산일출봉,업종,2023-04-16 09:37:18
wiqkssvpk,청남대,지역,2023-04-17 00:41:59
sibxea1tm,태백시 보건소,시설명,2023-04-17 10:32:35
jsumy1ash,진주시 청소년수련관,시설명,2023-04-17 13:48:47
ltpsd1xxj,금천구 공영주차장,시설명,2023-04-17 14:14:31
xoauoyb19,시흥시 청소년시설,시설명,2023-04-18 20:09:58
amdxre8gj,가톨릭대학교 성빈센트병원,지역,2023-04-19 16:52:05
jkstwpeis,영동군 난계국악박물관 ,업종,2023-04-19 23:19:01
pyjzqwdp3,방아재 한옥펜션,업종,2023-04-20 19:06:51
yxcqhuqhe,삼성힐정형외과,시설명,2023-04-21 04:44:06
jgzdf4zbf,대한안과의사회 서울성모안과 ,업종,2023-04-21 10:16:16
upiub2nvb,김치나라,시설명,2023-04-21 14:02:02
xhpkd48vk,베일리수 스튜디오 광주점,시설명,2023-04-21 21:36:07
hpdzpynaa,철원군 종합문화복지센터,지역,2023-04-22 23:15:06
poprmn8il,관악구 공영주차장,지역,2023-04-23 02:54:41
nqzswress,평창군 마하생태관광지,업종,2023-04-23 09:10:45
pbxgxnehq,구리국민체육센터,업종,2023-04-24 10:33:23
jhysshkto,헌릉,시설명,2023-04-24 17:55:05
ezhrhe4e6,대한안과의사회 연세플러스안과 ,업종,2023-04-24 18:30:46
vwtcly3bs,서산 버드랜드,업종,2023-04-25 14:36:33
gtfxdss46,분당밝은안과병원,시설명,2023-04-25 14:55:45
yrrmmv6lg,보성군 제암산자연휴양림,업종,2023-04-25 18:44:19
cacgdpsye,대전미용직업전문학교,지역,2023-04-26 17:21:49
qlwyhhy0z,예빛안과,지역,2023-04-26 18:34:23
grhdruu6x,삼릉,시설명,2023-04-26 21:14:40
leggneefz,대전국립숲체원,시설명,2023-04-27 03:14:51
nreqb82d2,노원을지대학교병원,업종,2023-04-28 14:52:59
bscnhndmz,양주시 옥정호수스포츠센터,지역,2023-04-29 14:10:11
juzntyqge,오아시스스포츠,시설명,2023-04-29 17:10:07
mqqbx0kyt,감귤박물관,지역,2023-04-29 19:57:42
maopvw6zm,합천군 공영주차장,지역,2023-04-30 14:13:47
vjetvr3gw,태백시 평생학습관,지역,2023-05-01 00:30:56
otqcsjfvm,성북구 공영주차장,지역,2023-05-01 01:04:58
zaiha7ssu,대전을지대학교병원,시설명,2023-05-02 13:58:46
vdgrgz6a6,동구릉,시설명,2023-05-03 06:19:59
donnlr2yd,국민은행,시설명,2023-05-04 00:22:58
kctxnorn4,에스한의원-익산,업종,2023-05-04 14:55:06
dtbvzx6ja,서산시 보건소,업종,2023-05-04 15:39:46
pyjdozq7z,김안과병원,시설명,2023-05-04 18:21:28
yuuxpqprd,V라이프영상의학과건강검진센터,지역,2023-05-05 09:08:45
fnjset0q5,서대문구 공영주차장,시설명,2023-05-06 19:16:58
xihav4ve8,보성군태백산맥문학관,시설명,2023-05-08 16:10:18
wtsjlb4n4,석재홍한의원,시설명,2023-05-08 21:03:30
jykgy7veb,창명제어기술,지역,2023-05-10 14:53:40
kharwo0fb,효성병원 장례식장,지역,2023-05-11 23:36:03
fojoian43,밀양시 보건소,지역,2023-05-12 17:15:17
tyhzhtmbl,청평백암천,시설명,2023-05-13 23:24:39
fmyujnuhs,과천시 청소년수련관,업종,2023-05-15 12:21:15
ojkquy5iy,서대문형무소역사관,업종,2023-05-16 01:07:46
ceoaa3kcu,수리산 상상마을,지역,2023-05-16 04:06:17
bepqbgcrz,포천병원,업종,2023-05-16 12:51:43
qgjwmd1ja,원광대광주한방병원,시설명,2023-05-16 23:31:45
icrcthcq2,중앙대학교병원,지역,2023-05-16 23:53:52
bzpnve443,밀양아리랑 우주천문대,지역,2023-05-17 00:43:09
fnjset0q5,군포시 평생학습원,시설명,2023-05-18 14:14:35
fdgalqwiq,가평군 조종생활체육공원,지역,2023-05-20 18:05:10
mdlnl0lxe,성남시 장사시설,업종,2023-05-21 00:20:39
crdhi4z2r,울산중구 공영주차장,시설명,2023-05-21 03:11:57
sbwjl1uwu,군 복지시설_휴양시설,지역,2023-05-21 03:57:09
zdkjgmj63,수원중앙병원,지역,2023-05-24 06:25:49
cxjenh4n5,진주목공예전수관,시설명,2023-05-25 12:11:13
vjimo4jk8,용현휴양림,지역,2023-05-25 15:00:08
vmzphqaqt,광명새움병원,업종,2023-05-26 02:31:31
zdmwfvn4x,남해군 이순신 영상관,지역,2023-05-26 05:11:02
gbwzvq7ys,환선굴,시설명,2023-05-27 03:37:04
bvzjsjcac,해남군 고산유적지,업종,2023-05-27 09:31:48
ocisg5jl8,서귀포 치유의 숲,시설명,2023-05-28 11:57:10
raznrk3vw,오카브안경,업종,2023-05-28 21:29:53
ejjht31ka,양주시 삼숭생활체육공원,지역,2023-05-28 22:50:05
dvznfcyf9,한창한방병원,업종,2023-05-30 03:14:13
ovwezl5b0,누네안경원,업종,2023-05-30 18:15:53
gfpkj26g1,장령산자연휴양림,지역,2023-05-31 14:37:37
mzlrgfyxl,강남서울밝은안과,업종,2023-05-31 16:43:25
fkwzvbxsu,조은안과-연천군,업종,2023-06-02 11:19:58
ftajk23yg,국립세종수목원,시설명,2023-06-03 21:28:02
xgzuik963,과천시 문화교육센터,업종,2023-06-04 01:08:06
lbpkesrbd,안산시 부설주차장,시설명,2023-06-04 14:42:28
sibxea1tm,평창군 야영장,시설명,2023-06-04 20:21:08
pnfxtnwvn,원주농민문화체육센터,업종,2023-06-05 20:46:53
blyzoiq77,정선 화암관광지,업종,2023-06-07 03:29:04
enrel0oia,대한안과의사회 한솔안과 ,업종,2023-06-07 22:28:17
wnfwtl8z1,탐라탁구교실,업종,2023-06-08 11:15:52
mfrwwosuq,라온치과병원 창원마산점 ,지역,2023-06-09 09:18:33
ucgtll968,온고을장례식장,시설명,2023-06-09 12:57:40
fqewnrdua,대전대학교 서울한방병원,시설명,2023-06-10 21:42:25
dbotibyu6,울산시 체육시설,지역,2023-06-10 23:56:17
vlrsl9ea9,고성군 체육시설,지역,2023-06-11 01:07:46
iergnu9wg,사람과자연협동조합,업종,2023-06-11 06:37:11
rpqxsv0ba,합천군 공영주차장,시설명,2023-06-13 00:24:45
dtwsa2uvl,해운대구 공영주차장,시설명,2023-06-13 21:00:18
wkhvp4sfd,유니버시아드 레포츠센터,업종,2023-06-14 13:11:51
wdwxvgv3t,스마트치과병원,업종,2023-06-15 11:38:29
bupwsjxzx,로체스터재활병원,지역,2023-06-15 13:29:03
zixne9oe5,보성군득량만바다낚시공원,지역,2023-06-16 04:22:14
shdrj62m0,양구 박수근미술관,지역,2023-06-16 20:05:22
cjvqjye6q,양구통일관,시설명,2023-06-17 00:16:40
gagfeocb4,보성군국민체육센터,시설명,2023-06-18 01:42:07
jiospcr46,품안에 치과,시설명,2023-06-19 05:58:29
zfxqlzk3y,산청군 공설주차장,지역,2023-06-19 15:29:15
cbvvr4dwf,지리산휴양림,시설명,2023-06-19 21:13:48
lckpqz1eb,용인시 체육시설,시설명,2023-06-20 04:51:11
nhsqa8pk4,운문산휴양림,업종,2023-06-20 10:18:56
tsgdjlrs5,진주시 진양호동물원,업종,2023-06-21 05:18:39
ezjayz3vc,SKY하늘안과의원,시설명,2023-06-21 06:45:41
sdwexa1k5,오륜동 인조 잔디구장,지역,2023-06-21 16:32:07
quqpq5dku,금호콘도 설악 ,지역,2023-06-21 20:50:53
ekxbmt0xv,마라해양도립공원,시설명,2023-06-22 23:14:47
zmelvoi8d,종로구 공영주차장,시설명,2023-06-23 03:35:46
nuqrmdt79,부천시 공공시설 부설주차장,지역,2023-06-24 04:10:00
ldhzff0ni,군포시 평생학습원,업종,2023-06-24 09:16:07
axgxomr6y,창원시립장사시설,업종,2023-06-24 15:49:31
oaqvv169i,청주의료원,시설명,2023-06-28 11:09:28
jwgayrd06,에타,업종,2023-06-28 17:43:03
aemawzjg0,중랑구 공영주차장,업종,2023-06-29 01:32:26
xwjjq8ziv,관악구 평생학습관,시설명,2023-06-29 19:01:47
gfvoo3vi8,휘트니스H,업종,2023-06-30 07:28:40
wgloeg3gq,대구시설공단 공영주차장,지역,2023-06-30 08:53:53
wgbaydkhg,부산은행,시설명,2023-06-30 19:32:11
zodrftsr6,성산일출해양도립공원,업종,2023-07-01 10:49:44
qalwzzfp8,윌스기념병원,업종,2023-07-01 20:45:27
dnvpgj2qf,옥천전통문화체험관,업종,2023-07-01 21:05:13
ttuaykpsu,허브아일랜드,지역,2023-07-02 16:31:06
uyihwwjuk,철원군 작은영화관,시설명,2023-07-03 14:25:59
ldcejydp8,상주시 낙동강역사이야기관,시설명,2023-07-03 21:04:56
oljqsek8z,누네안과병원 남양주,지역,2023-07-04 20:43:40
xemgqhnhh,대구연세안과,지역,2023-07-04 23:45:56
znawm9fe9,서울신세계안과의원,시설명,2023-07-05 06:48:00
iyszghn2o,대한안과의사회 군산 서울안과 ,지역,2023-07-05 08:31:24
dtmrxl5ke,진도자연휴양림,지역,2023-07-05 11:39:28
raangwyn3,대구시티병원,업종,2023-07-05 21:27:08
qlwyhhy0z,성남시 주민자치센터,업종,2023-07-05 23:42:52
vpceovhcf,가평군 가평사계절썰매장,시설명,2023-07-06 07:24:39
atqmj752u,인제대학교부산백병원,업종,2023-07-06 20:26:32
oejvkquby,인제대학교부산백병원,시설명,2023-07-06 22:20:41
bpnwpqfrz,동하재활의학과의원,업종,2023-07-06 23:30:25
tsuotxjfj,양주시 옥정호수스포츠센터,업종,2023-07-07 03:58:21
vbhisa5nf,영월 동서강정원,시설명,2023-07-07 03:59:04
pxqhlcbfg,양평시네마,업종,2023-07-07 06:54:46
pzuwou948,헤럴드외국어학원,시설명,2023-07-07 11:12:10
bqdkbbjps,남해군 나비생태관,업종,2023-07-07 18:19:13
axdcdyj1c,최남단 안경원,업종,2023-07-07 23:36:05
qfjnxl4pa,수원자생한의원,지역,2023-07-08 23:32:13
tpghzaaea,대유랜드,업종,2023-07-09 07:28:24
ojkquy5iy,영광군 공영주차장,지역,2023-07-09 10:52:00
amrgi8rry,삼척의료원,시설명,2023-07-09 22:46:10
hltta4mb0,광양시 청소년 시설,지역,2023-07-10 03:36:23
mpwnmtik4,노원구 자연체험시설,업종,2023-07-10 04:51:18
wnfkhymnn,수원시립아이파크미술관,지역,2023-07-10 20:44:22
icvsrce2d,하동군 별천지 장난감은행,지역,2023-07-11 05:47:12
nimsn3pl3,탐라탁구교실,시설명,2023-07-11 11:26:59
ztmfhjl3d,군포시청 부설주차장,업종,2023-07-11 12:46:19
vlcshpjen,부산광역시 서구 공영주차장,시설명,2023-07-11 13:28:11
vrqjz7v75,대명콘도 변산 ,업종,2023-07-12 00:52:57
fvimqq7q7,신시도자연휴양림,시설명,2023-07-12 13:17:44
wvppr2l8w,서대문구 공영주차장,시설명,2023-07-12 18:36:53
zywtp8j8z,하동군 국민체육센터,시설명,2023-07-12 19:08:00
gnqczrc9b,중앙보훈병원,시설명,2023-07-13 03:17:24
cbbgb71yo,구리시 주민자치센터,지역,2023-07-13 13:23:33
xiemrmait,성누가병원,지역,2023-07-13 19:34:17
jifplybr7,대한안과의사회 좋은사람들 성모안과 ,지역,2023-07-14 11:11:45
jzyietmp9,누네안경원,지역,2023-07-15 06:41:55
bxzuil2ju,구리왕숙체육공원,업종,2023-07-16 01:03:20
nknjd8wkl,보성군 제암산자연휴양림,지역,2023-07-16 01:24:58
ikwagwv9q,목포국제축구센터 시설,시설명,2023-07-17 20:22:18
riepzmxjl,유니버시아드 레포츠센터,업종,2023-07-19 00:43:43
tuezo8vcy,온고을치과의원,지역,2023-07-19 04:27:43
vmlyil6kx,조령산 자연휴양림,지역,2023-07-21 08:42:49
ugqrkhgoz,해피뷰병원,시설명,2023-07-22 01:39:54
kmbmjbm5z,상당산성자연휴양림,업종,2023-07-22 13:01:29
bxzuil2ju,이천시 공영주차장,지역,2023-07-23 15:02:34
jjqmi64rw,황정산휴양림,시설명,2023-07-24 05:44:12
gphcpsqqc,우도해양도립공원,시설명,2023-07-24 13:55:39
imjrlo7o2,상주박물관,지역,2023-07-25 08:04:05
ygwqub2z2,윌스기념병원,시설명,2023-07-25 13:21:40
nqjfwvgvj,SKY하늘안과의원,업종,2023-07-25 20:06:20
otpzps48a,팔봉산유원지,업종,2023-07-25 23:44:35
uzqydoabq,닥터유치과,시설명,2023-07-26 07:24:48
iizwybalh,상주성모병원,지역,2023-07-27 08:49:38
qesdta4jc,파주시평생학습관,시설명,2023-07-27 10:17:20
jkstwpeis,인천광역시 청사 부설주차장,시설명,2023-07-28 18:07:59
slvbywv9r,정선보건소,지역,2023-07-29 08:02:58
shcxo05nu,아프리카박물관,업종,2023-07-29 16:11:31
odwin4eco,청주시 공영주차장,업종,2023-07-30 13:34:41
hazlralna,이순신 리더십 국제센터,지역,2023-07-30 23:23:28
pgzptzlju,한국건강관리협회 부산지부,시설명,2023-07-31 01:08:12
yfnity50p,김포시 평생학습,시설명,2023-07-31 12:56:19
vbecwppex,군포시 평생학습원,업종,2023-08-01 05:07:36
jffzqmhqv,금천구 평생학습시설,지역,2023-08-01 09:00:34
zvnytquth,곡성군 체육시설,지역,2023-08-01 09:37:04
vynuedhfs,함양군 체육시설,업종,2023-08-02 04:41:06
qjiyhm6vp,홍천군미술관,지역,2023-08-02 09:32:18
usyudn3ax,밀양시 공영주차장,시설명,2023-08-02 14:55:05
rhjenf2xf,동두천시 주민자치센터,업종,2023-08-03 06:48:10
rtboftoiy,남해군 체육시설,시설명,2023-08-04 03:03:04
dfrpu28tg,인천보훈병원,시설명,2023-08-04 09:41:07
chyybp1bo,인천광역시 미추홀구 체육시설,업종,2023-08-04 19:53:50
ztqykhlk3,참사랑병원,업종,2023-08-05 01:12:51
schzxu0sk,종로구 보건소,업종,2023-08-05 03:04:45
xwuxv9d6t,인천광역시 미추홀구 국민체육센터,시설명,2023-08-05 08:27:28
mhzabgffn,용인자연휴양림 주차장,시설명,2023-08-05 08:53:16
rdtqlhb3y,닥터유치과,지역,2023-08-05 11:09:13
cuelsglic,밝은성모안과,시설명,2023-08-05 19:16:01
tvlub3ox6,대한안과의사회_아이리움안과,업종,2023-08-06 17:10:24
vsqvbnr1m,양평군 보건소,지역,2023-08-06 18:31:54
zsgnpq006,광주시 주민자치센터,지역,2023-08-07 07:48:16
ififbwge2,국민건강보험공단 일산병원,업종,2023-08-08 06:34:53
apxcv5qpq,울산중구 공영주차장,시설명,2023-08-08 16:30:02
oajbkrjsk,롯데시네마,시설명,2023-08-09 00:05:48
tdzrwf7jc,교보문고 부산점,업종,2023-08-09 06:33:29
vmwhqg2rg,남한산성 행궁,시설명,2023-08-09 10:09:43
itsdmwndf,대한안과의사회-삼성미라클안과의원,업종,2023-08-10 08:33:00
rhjyc3nem,청주필한방병원,시설명,2023-08-10 09:57:35
jcxejqao0,양구 두타연,업종,2023-08-11 20:27:33
wdeqaop3g,안경사랑,시설명,2023-08-11 23:45:31
ptnutaq2g,호텔샬롬제주,시설명,2023-08-12 02:38:08
ddsdxyl0t,대전미용직업전문학교,지역,2023-08-13 05:12:16
wbglaeggn,메종글래드 제주,지역,2023-08-13 23:52:15
qqvsj23yk,상주성모병원,업종,2023-08-15 06:48:26
xiaoeftco,백성병원,업종,2023-08-15 08:59:14
ldeng3mmy,창원시 보건소,시설명,2023-08-15 13:14:06
pflwmzkih,조은안과-연천군,지역,2023-08-16 17:14:21
baidri89b,휴애리,시설명,2023-08-16 22:09:57
jdcpfsmmx,365다담은 한방병원,시설명,2023-08-17 12:56:55
ynmhstp06,속초시장닭집,지역,2023-08-18 01:17:32
gayifihg4,합천군 공영주차장,지역,2023-08-18 03:53:58
gktnjygum,중랑구 평생학습관,지역,2023-08-18 07:30:00
wqdfwyd1f,도봉구 보건소,지역,2023-08-18 15:07:41
hggpmc0y8,수원 서안과,지역,2023-08-18 15:24:44
dkkbynfpv,롯데리아,업종,2023-08-19 23:03:50
blxdju04f,광양시 보건소,지역,2023-08-20 00:46:24
fpcovs967,홍천군 홍천생명건강과학관,업종,2023-08-20 22:32:35
pbybc9qvy,대한안과의사회 서울성모안과 ,지역,2023-08-21 10:07:56
plzxm7wfc,나나성형외과,업종,2023-08-21 10:31:25
wfdje1kv5,진도군 공영주차장,지역,2023-08-21 14:27:08
dqdvxz6d0,대한안과의사회-김안과,지역,2023-08-22 06:24:46
veevctfuk,오륜동 풋살장,시설명,2023-08-22 21:51:54
fojoian43,남해군 이순신 영상관,지역,2023-08-23 05:54:31
jwchq12b8,남한산성 행궁,지역,2023-08-23 06:47:48
rrhazr2t6,양구DMZ조이나믹 체험장,지역,2023-08-23 07:09:04
yhnlttiw7,대한안과의사회 신촌 새빛안과 ,시설명,2023-08-23 09:17:48
vnkheby5h,창원제일종합병원,지역,2023-08-23 11:10:51
gayifihg4,세종충남대학교병원,업종,2023-08-23 15:57:22
gsdewuck6,대한안과의사회 조병춘안과 ,지역,2023-08-23 23:19:41
jqewg6ngk,양주시 국민체육센터,시설명,2023-08-25 06:58:41
cjowuiulp,합천군 종합사회복지관,시설명,2023-08-26 04:41:45
yxcqhuqhe,과천시 시민회관,지역,2023-08-27 20:24:49
epwyyxb3h,디딤병원,시설명,2023-08-28 22:55:34
omiflb1im,상주박물관,시설명,2023-08-29 21:58:42
slqpwni2g,스카이라인루지 통영,업종,2023-08-29 23:08:19
bkdjav1w3,세명대학교 부속 제천한방병원,시설명,2023-08-30 02:25:18
kharwo0fb,CMI종합검진센터,지역,2023-08-30 02:38:17
ztvrvxk59,효성병원 장례식장,지역,2023-08-30 13:02:56
wwdujijjj,진주시 농기계임대사업소,시설명,2023-08-30 14:11:08
rflxh1opw,곡성군 장사시설,업종,2023-08-31 01:20:29
cvubhh49q,상주시 낙동강역사이야기관,지역,2023-08-31 02:48:46
exxrmn3bx,의령 거장산야영장,업종,2023-08-31 06:03:26
kjfpvzrio,서전 안경원,시설명,2023-08-31 07:18:16
qwiiisex5,금호콘도 충무 ,시설명,2023-08-31 18:57:36
xcyuqmuy2,대구굿모닝안과,업종,2023-09-01 01:17:21
mjcuwhc8j,동두천시 주민자치센터,지역,2023-09-01 14:01:02
yjndqegeb,동대문구 체육시설,지역,2023-09-01 15:22:08
lppuvld9q,밝은성모안과 강남점,지역,2023-09-01 19:48:42
nhsqa8pk4,상주시 낙동강역사이야기관,업종,2023-09-02 00:48:03
gztxf2mvi,중앙능력개발원,시설명,2023-09-03 00:28:15
mhzmqf4yi,노원구 공영주차장,업종,2023-09-03 22:59:30
lhdtytzn5,도봉구 보건소,지역,2023-09-05 09:49:48
jjfbcfaju,대신정보통신직업전문학교,시설명,2023-09-05 12:42:59
dtmrxl5ke,서산시 보건소,업종,2023-09-06 12:01:23
svaut4m83,NC다이노스 프로야구단,업종,2023-09-07 01:37:54
cxjenh4n5,창녕군민체육관,지역,2023-09-08 04:19:04
rsxbp5x2d,대한안과의사회 센텀소중한눈안과 ,지역,2023-09-09 01:02:17
okpmaii6w,사천바다케이블카,업종,2023-09-09 08:22:20
lelwxjull,양구 국토정중앙천문대,시설명,2023-09-09 09:20:26
jkadph6ql,노블리안 치과,지역,2023-09-09 11:32:15
uoqjb31v3,군포시 문화예술회관,시설명,2023-09-09 21:04:05
iupflddh2,교보문고 울산점,지역,2023-09-09 23:49:10
qkdknytid,원주시 체육시설,업종,2023-09-10 10:42:11
szpcuc78p,대명콘도 쏠비치 ,지역,2023-09-10 13:53:45
vynxz0c98,대한병원,업종,2023-09-11 09:46:12
aqxnl4yay,양주시 광적생활체육공원,업종,2023-09-11 18:29:09
xqtlc9h56,함안 체육관,시설명,2023-09-12 20:33:21
umzukj372,동작구 공영주차장,업종,2023-09-13 23:06:10
miqoaffkw,전주신기독병원,업종,2023-09-14 00:39:39
kkwlrqbg0,순천향대학교서울병원,시설명,2023-09-14 01:52:52
ttoceptjj,보성군득량만바다낚시공원,시설명,2023-09-14 05:08:04
whsoyqno2,해인의료재단 강화병원,업종,2023-09-15 00:04:34
bkbyq4xd1,경남은행,업종,2023-09-15 13:24:37
qsndwukkf,한길이에스티,지역,2023-09-15 20:49:47
eiwplf5v2,여수전남병원,지역,2023-09-16 00:23:09
cpnsnlfw6,탐라탁구교실,업종,2023-09-16 05:07:47
jvmor52lf,첫눈애안과,시설명,2023-09-16 16:50:56
mdxqgy03i,철원병원,시설명,2023-09-17 01:03:40
rrelm3ck5,수요양병원,지역,2023-09-18 08:21:43
zvlxhef82,한국안전체험관,지역,2023-09-19 13:44:34
ydvhigq5p,진주시립 이성자미술관,지역,2023-09-20 04:39:15
jjoatzdz4,대한안과의사회 안산연세안과 ,업종,2023-09-21 09:00:29
itpnmcd6f,대한안과의사회 수정안과 ,업종,2023-09-21 23:44:01
udweeg3ei,인천광역시 부평구 보건소,시설명,2023-09-24 07:45:06
wwdujijjj,대한안과의사회 성모맑은눈안과 ,지역,2023-09-26 06:10:25
gphcpsqqc,양주예쓰병원,업종,2023-09-26 09:48:36
yvllggfwx,일산제일안과,지역,2023-09-26 15:17:18
xfuoyns88,서산 버드랜드,지역,2023-09-27 01:48:20
fvrnr8huz,대한안과의사회 세란안과 ,지역,2023-09-27 20:28:36
oawqic6ak,양주시 덕정돔구장,업종,2023-09-28 06:27:51
ynuvifdkq,부산광역시 수영구 공영주차장,시설명,2023-09-29 01:59:46
uiqwieyi5,대구미술관,시설명,2023-09-29 19:44:01
crqcz73l6,대신정보통신직업전문학교,시설명,2023-09-29 22:35:52
axeaprq4k,강남베스트성모안과,업종,2023-09-30 15:33:03
lnoxwasxa,기당미술관,시설명,2023-10-01 13:02:22
rrcpm3h9k,하동군 보건소,시설명,2023-10-01 15:19:48
wnmozuty7,제주절물휴양림,시설명,2023-10-03 14:25:00
bnpes24zq,헤럴드외국어학원,업종,2023-10-05 06:28:51
ptollx6dv,의왕시 주민자치센터 수강료,지역,2023-10-06 19:29:01
krzxkb0ys,시흥시 곤충전시체험관,시설명,2023-10-06 19:51:38
guyaaeljg,노원구 공영주차장,지역,2023-10-07 01:05:00
txpqo3rzo,부산광역시 기장군 공영주차장,지역,2023-10-07 06:32:12
dimyygwvg,SKY하늘안과의원,업종,2023-10-07 13:20:54
lorknwkoo,제주돌문화공원,지역,2023-10-07 17:11:45
taxcrn5qr,가평군 청평생활체육공원,지역,2023-10-08 02:08:28
vvulhqc0u,경복궁,시설명,2023-10-08 07:18:38
ejuctne96,청주의료원,지역,2023-10-09 00:09:31
hquqfx5yw,인천광역시 시립체육시설,지역,2023-10-09 00:57:52
rsqhla7bx, 주 한얼누리 ,업종,2023-10-09 04:06:10
gliyemesi,한일자동차공업사,업종,2023-10-09 04:53:44
xhyyb16wh,고성공룡박물관,업종,2023-10-09 07:40:27
cmdsbcjly,강원효장례문화원,업종,2023-10-10 04:36:37
hqytpe10m,태백국민체육센터,시설명,2023-10-10 15:32:58
aviwp2abs,백운산휴양림,지역,2023-10-11 09:30:22
gidvrydzf,안성시 공영주차장,업종,2023-10-12 05:34:00
nryzu7jvn,헌릉,지역,2023-10-12 12:51:27
gfpkj26g1,해운대구 공영주차장,지역,2023-10-12 22:47:56
klzqo1ebo,고성군 문화체육센터,지역,2023-10-13 00:26:34
cazpcg2vz,주상절리대,시설명,2023-10-14 02:41:14
mqqbx0kyt,안산시 공영주차장,시설명,2023-10-15 12:40:24
bskqutasr,안산시 동주염전 체험장,지역,2023-10-16 12:46:14
tpaplag5t,세종충남대학교병원,시설명,2023-10-16 19:40:12
bsosjpkmp,보은군민체육센터,업종,2023-10-17 07:45:13
hqsgac2qz,양주시 체육복지센터,지역,2023-10-17 10:38:27
tkrsv17st,인제대학교일산백병원,지역,2023-10-17 13:38:52
znupjyry4,대구동부여성문화회관,시설명,2023-10-18 10:15:33
vgxttycjs,대한안과의사회 에스안과 ,업종,2023-10-18 20:27:26
jfngt0vft,인천광역시 계양산성박물관,지역,2023-10-19 14:27:59
eobzsjgrj,탑클래스치과의원,업종,2023-10-19 18:32:25
vjtecnoqt,하동군 레일바이크,업종,2023-10-20 09:43:35
ptjun7ava,창원자생한방병원,지역,2023-10-20 14:34:02
ouzpkwitm,미소진치과의원,지역,2023-10-22 08:52:21
gkqnmd01m,해운대구 공영주차장,시설명,2023-10-23 03:42:47
rbuyb0vvs,인성병원,지역,2023-10-23 10:48:58
cbzcadyln,대한안과의사회 윤호병원안과 ,업종,2023-10-23 16:02:57
svzutg8z6,노원구 체육시설,지역,2023-10-24 01:14:14
wvcxb01eq,양주스파월드,업종,2023-10-24 09:53:56
mzmwidqnc,안경사랑,업종,2023-10-25 11:15:17
fcams5bsj,남해편백휴양림,시설명,2023-10-25 12:17:43
ybvfp4v1h,양구수목원,업종,2023-10-25 22:20:41
pnfxtnwvn,아이투아이안경원,시설명,2023-10-25 22:33:41
cnrdewdg2,상주시 공영유료주차장,지역,2023-10-26 05:52:38
czmfyirz7,대전한국병원,업종,2023-10-27 17:25:42
mmgmfjthy,창원시립장사시설,지역,2023-10-28 06:04:44
danibmuhq,대한안과의사회 강남성모안과 ,시설명,2023-10-28 11:11:15
fzuoa86e3,동해동인병원,지역,2023-10-28 11:59:25
brrokwkqg,산청군 공설주차장,시설명,2023-10-29 20:53:00
pmlqurp2i,춘천 삼악산 호수케이블카,시설명,2023-10-30 15:04:48
apxcv5qpq,진천 종박물관,시설명,2023-10-31 06:35:06
xpcvdcsfr,전주고려병원,업종,2023-10-31 19:16:09
uymnwi66w,연세대학교용인세브란스병원,시설명,2023-11-03 01:04:11
dstzx02jk,하동군 보건소,지역,2023-11-03 07:14:27
bcrotmjzx,안성시 공영주차장,시설명,2023-11-03 11:24:10
yvqbgtcjs,서초구 공영주차장,시설명,2023-11-04 08:13:59
jvqact3te,영월 동서강정원,시설명,2023-11-04 09:37:33
keuqu650f,시흥시 에코센터,시설명,2023-11-05 09:56:35
ewatxvro1,사천시 체육시설,시설명,2023-11-05 16:17:13
uuexqehgk,강북구 보건소,지역,2023-11-06 07:26:03
slvbywv9r,창녕공설운동장,지역,2023-11-06 08:46:33
gkfzl6tk6,동산병원,시설명,2023-11-06 11:56:39
sfrpdwa35,한림정낭장례식장,지역,2023-11-07 10:32:42
amugwxraq,의왕시 장사시설,업종,2023-11-07 16:56:46
vnkheby5h,서대문구 공영주차장,지역,2023-11-09 15:18:09
angindamq,산음휴양림,시설명,2023-11-09 17:24:16
shdrj62m0,올바른치과,지역,2023-11-11 01:00:32
feghq3s5v,부산은행,시설명,2023-11-11 14:20:58
uvtfblpn6,동대문구 서울한방진흥센터,시설명,2023-11-11 21:30:48
xtwkfh4cr,서복전시관,업종,2023-11-12 09:47:23
xrpdr2but,해녀박물관,업종,2023-11-12 17:56:35
wiern5f5l,노원구 자연체험시설,지역,2023-11-14 03:11:11
nnsecculx,강남서울밝은안과,지역,2023-11-14 04:59:44
szfrp09rv,연산당당한방병원,업종,2023-11-14 12:00:49
dstzx02jk,교보문고 센텀시티점,업종,2023-11-14 18:49:01
nrjcjjspr,남해편백휴양림,시설명,2023-11-15 11:37:37
cgkvvvn4x,인천광역시 청소년시설,시설명,2023-11-16 01:24:10
rzqlvobm2,대한안과의사회 전주 푸른안과 ,시설명,2023-11-16 02:57:34
pvvucaolj, 창원 상남 굿모닝내과병원,지역,2023-11-16 11:54:20
vlopxsw91,대한안과의사회-삼성미라클안과의원,지역,2023-11-17 01:12:04
xhxgkbyfh,세무법인 동반,시설명,2023-11-17 05:43:29
taxcrn5qr,대관령휴양림,시설명,2023-11-17 07:32:53
lsdoiendy,가평군 공영주차장,지역,2023-11-17 12:51:57
ikwagwv9q,롯데시네마 춘천점,업종,2023-11-18 09:58:43
zchbvvacp,홍천군 주차장,업종,2023-11-18 16:56:40
ndyhl327n,대한안과의사회 서울삼성안과 ,지역,2023-11-20 08:51:13
ifpefm4t8,창원시 공영주차장,지역,2023-11-21 08:13:10
bcvxisvb4,태백체험공원,시설명,2023-11-21 13:56:26
qfcclsdg5,가톨릭대학교 성빈센트병원,지역,2023-11-21 18:35:47
sdurlqs5j,태백시 체육시설,시설명,2023-11-23 02:06:55
vlmfgx937,한양대학교병원,시설명,2023-11-23 06:27:44
oyzvedxzn,사천시 보건소,시설명,2023-11-23 13:41:15
epwyyxb3h,베일리수 스튜디오 광주점,지역,2023-11-24 21:37:55
afzaslkj9,구로구 체육시설,시설명,2023-11-25 00:30:08
ylnyddfmf,과천시 추사박물관,지역,2023-11-25 12:06:51
uhexxvyx4,양천구 공영주차장,업종,2023-11-25 14:00:52
xqbksdaik,함양군 체육시설,시설명,2023-11-25 15:40:36
xepwmxuqa,국민은행,지역,2023-11-25 18:02:26
ctazr3s8b,충청북도청 주차장,업종,2023-11-26 00:00:52
unozvwtxm,동두천시 보건소,시설명,2023-11-26 02:17:30
jjqmi64rw,원광대학교 의과대학병원,지역,2023-11-26 08:12:29
vfuhr81vt,서대문형무소역사관,지역,2023-11-26 13:41:30
xdnmi3lc1,가평군 가평체육관,지역,2023-11-26 17:14:50
daunb1hku,평창돌문화체험관 ,시설명,2023-11-27 05:17:58
nbpslb12a,대구 누네안과병원,업종,2023-11-27 11:57:57
ymmofjc31,전주병원,지역,2023-11-27 23:22:45
dkicz35li,양천구 체육시설,지역,2023-11-29 17:32:41
sflmettb4,상주시 승천원,업종,2023-11-30 09:35:34
bydzc4ioc,나나성형외과,지역,2023-11-30 10:26:20
bgmrq0dgo,정선군 체육시설물,업종,2023-11-30 11:11:24
ogiba2wdx,가톨릭대학교 성빈센트병원,업종,2023-11-30 12:23:10
hgtrlk786,하루애드림치과,지역,2023-11-30 15:26:43
ioxlabm4u,동하재활의학과의원,지역,2023-12-01 03:29:48
xexvi8hiq,옥천군 공영주차장,지역,2023-12-01 11:59:28
butqm0wdy,광명시 공영주차장 ,업종,2023-12-01 12:35:01
xnfdl85j7,양주실내체육관,지역,2023-12-01 19:22:35
duuzgya9f,스타사진관,업종,2023-12-01 23:57:58
agkphj25i,대전병원,지역,2023-12-02 15:34:12
aanvacp4o,해피뷰병원,시설명,2023-12-03 00:35:21
ahpkg9upx,대한안과의사회-삼성미라클안과의원,시설명,2023-12-04 11:21:40
pskwlfsfo,애체안경,시설명,2023-12-04 14:57:10
qwiiisex5,밀양시 공영주차장,업종,2023-12-04 16:36:42
leyhv2rvk,수원시 화성주차장 주차료,지역,2023-12-04 19:52:43
fegmqqtk5,성남시 공영주차장,시설명,2023-12-06 04:53:51
ilxrcaf4p,충주의료원,업종,2023-12-07 06:46:38
ieuhrgk26,창원자생한방병원,업종,2023-12-07 07:04:33
xxygxb0ww,삼척의료원,업종,2023-12-07 22:51:35
wayfrdnno,대영목욕탕,시설명,2023-12-08 10:50:25
ogisyoh6o,대한안과의사회 강남더블유안과 ,시설명,2023-12-08 13:46:23
iutzzq3de,대전대학교 천안한방병원,업종,2023-12-08 15:49:10
rpfda8oyh,대한안과의사회 진주 이성수안과 ,시설명,2023-12-09 18:09:58
mjcuwhc8j,태백시 종합실버복지타운,지역,2023-12-09 19:40:09
mjkgg10k1,대한안과의사회 잠실서울밝은안과 ,업종,2023-12-10 03:29:17
zhntvverq,보성군청소년수련원,지역,2023-12-10 04:24:39
mmbfc89gj,세계영상의학과의원,시설명,2023-12-11 04:33:20
gayifihg4,인천광역시 동구 공영주차장,시설명,2023-12-11 09:15:35
hdbtwojih,김치나라,업종,2023-12-11 17:59:46
nqjfwvgvj,광양시 보건소,지역,2023-12-12 17:28:26
tsqyvcmem,부산광역시 남구 공영주차장,업종,2023-12-13 15:08:01
jnjasm0c9,영동군 난계국악박물관 ,시설명,2023-12-13 20:14:48
mlhmy7mh8,익산병원,업종,2023-12-14 07:06:03
kzjdqm0ae,경일대학교,지역,2023-12-15 10:45:45
lcqzk3wg4,보성군봇재,업종,2023-12-15 23:55:02
knjmt05up,구트병원,업종,2023-12-16 05:04:37
dxfffwspg,경남은행,시설명,2023-12-16 08:38:02
aadmzudry,광양시 주민자치센터,지역,2023-12-16 11:09:52
seiookgez,남해편백휴양림,시설명,2023-12-16 22:21:34
xyaqaian4,대덕승마장,업종,2023-12-17 17:35:37
ymsxirpgs,안양시 공영주차장,시설명,2023-12-18 01:59:30
umixabvl2,시흥시 곤충전시체험관,업종,2023-12-19 04:10:50
bdghfme2t,전주고려병원,시설명,2023-12-19 04:35:26
ulbcdiotw,한국건강관리협회 인천광역시지부,업종,2023-12-19 05:49:56
ycgsthiff,아주대학교병원,업종,2023-12-19 06:40:31
xxsjwciy4,과천시 시민회관,업종,2023-12-19 08:34:13
ysidfl5vq,서대문구 보건소,업종,2023-12-19 10:25:29
lwulzx82c,연산당당한방병원,지역,2023-12-19 15:45:26
otpzps48a,대한안과의사회_태안과,시설명,2023-12-20 04:12:35
veqplahvj,김기수秀안과,시설명,2023-12-20 09:25:01
amuygzpwt,대한안과의사회 조은눈 굿아이 안과 ,업종,2023-12-20 16:14:19
qfwhmbrql,청주마이크로병원,업종,2023-12-21 19:20:26
lyvmh3lp4,대한안과의사회_아이리움안과,시설명,2023-12-22 09:21:29
gfpkj26g1,평택시 시립예술단 공연,업종,2023-12-22 15:08:23
oogvnriys,대한안과의사회 현탑안과 ,지역,2023-12-23 09:37:06
wtolk4x9b,서대문구 보건소,시설명,2023-12-23 10:47:08
mzmwidqnc,운악산휴양림,지역,2023-12-23 23:13:30
leyhv2rvk,건강한치과의원,시설명,2023-12-24 02:26:25
okfomgpuw,국립세종수목원,시설명,2023-12-24 12:40:27
qmbwoyc1k,중앙환경직업전문학교,시설명,2023-12-24 18:40:39
lfmwt3dse,무안 종합스포츠파크 실내수영장,시설명,2023-12-25 13:15:42
uvfejjm7q,김해시 공영주차장,업종,2023-12-25 14:20:18
aoziflmey,국립수목원,지역,2023-12-25 19:51:47
qdpgroqxc,세계영상의학과의원,시설명,2023-12-25 21:06:37
mkzgy1tvr,의정부을지대학교병원,업종,2023-12-25 21:18:49
weewootdi,가평군 공영주차장,지역,2023-12-26 03:21:22
rzyuq86wr,한림대학교 춘천성심병원,업종,2023-12-26 15:01:05
ldcejydp8,한라수목원,시설명,2023-12-27 21:34:39
axgxomr6y,변산자연휴양림,시설명,2023-12-27 22:47:37
imjrlo7o2,인천광역시 시립체육시설,업종,2023-12-29 17:58:14
evhenrklh,중앙대학교병원,시설명,2023-12-30 18:19:47
sqhqwenlu,박달나무한의원,시설명,2023-12-31 01:09:48
axfubfr5g,남해군 국민체육센터,지역,2023-12-31 08:50:47
rmfgx8rdt,해녀박물관,시설명,2023-12-31 15:56:08
aapsd360s,연세고운미소치과의원,시설명,2024-01-01 07:09:17
hkipu76zm,고성 통일전망대,시설명,2024-01-01 10:46:15
rrkqje38k,푸른세상안과의원 인천본점,업종,2024-01-02 22:14:49
tjxrc4n5q,강릉선교장,업종,2024-01-02 23:11:53
rysompxim,테일러메이드골프볼코리아,지역,2024-01-03 03:13:35
telkfsjd9,대한안과의사회 삼성 밝은안과 ,지역,2024-01-03 08:54:58
ougllydh3,E-world 구 우방랜드 ,지역,2024-01-03 12:49:47
qxjmsvfaf,청남직업전문학교,업종,2024-01-03 14:12:53
azdysaaue,한국프로사진협회,시설명,2024-01-04 08:59:39
cnaxo1d2p,의령 보건소,지역,2024-01-05 03:54:20
jaohf8nw1,대한안과의사회 윤호병원안과 ,지역,2024-01-05 10:22:03
gsdewuck6,안양샘병원,지역,2024-01-05 11:41:02
fvvpishqv,구리시 주민자치센터,지역,2024-01-06 07:58:55
bndvbth9i,대한안과의사회_삼성안과,지역,2024-01-07 13:28:53
hdbtwojih,제주특별자치도립미술관,지역,2024-01-07 16:28:03
guzkp1nu4,백성병원,지역,2024-01-07 18:57:51
fbccehrob,웰니스병원,업종,2024-01-07 19:52:46
vfuhr81vt,경희대스포츠클리닉,시설명,2024-01-08 08:33:20
gayifihg4,청주대학교,업종,2024-01-08 16:11:02
uoiocxlso,안성성모병원,업종,2024-01-09 21:10:16
dibkajvmo,영광군 공영주차장,업종,2024-01-10 06:17:40
bbgua73dr,동대문구 용두문화복지센터,시설명,2024-01-10 23:30:19
dgwxhrv2o,반디별천문과학관,업종,2024-01-12 02:43:33
cwvwaiaqu,대한안과의사회 아이윤안과병원 ,지역,2024-01-12 09:32:35
gfvoo3vi8,가톨릭관동대학교 국제성모병원,시설명,2024-01-12 09:45:54
flfmgn56q,인천광역시 계양구 공영주차장,업종,2024-01-15 01:48:30
boisg1r27,송파구 공영주차장,시설명,2024-01-16 02:05:23
rtivdvjf2,부산광역시 동구 공영주차장,지역,2024-01-16 04:38:33
ikmozxfyf,굿모닝 성모안과,업종,2024-01-17 01:30:40
yzvix4796,한일자동차공업사,지역,2024-01-17 05:34:22
aaffhy1uz,시흥시 공영주차장,업종,2024-01-17 12:38:07
ahtcxldr2,구로구 공영주차장,업종,2024-01-19 00:29:47
foguqmm8t,김해낙동강레일파크,지역,2024-01-19 07:48:07
gmgka7p4b,청주육거리자동차밧데리할인매장,지역,2024-01-19 13:00:36
wkptyjlzb,허브동산,지역,2024-01-20 17:18:35
efswat58v,청태산휴양림,업종,2024-01-20 18:37:30
rvljrbo3e,리봄한방병원,업종,2024-01-20 20:12:43
bbaezm1ax,커피놀이터,지역,2024-01-20 23:02:28
tcwkusw8o,평창군 대관령휴게소 주차장,시설명,2024-01-21 13:48:27
ctqnv3kaa,청주자생한방병원,업종,2024-01-23 09:33:17
zapvr1rql,국민건강보험공단 일산병원,업종,2024-01-23 19:41:11
ogvsh1hfg,광양시 청소년 시설,시설명,2024-01-24 06:02:08
xrlfrkkyu,아이엠병원,업종,2024-01-24 10:07:40
lsdoiendy,방림원,지역,2024-01-24 17:21:30
dviqzpvvn,안성시 공영주차장,지역,2024-01-25 18:07:56
aochbdp0b,대구보훈병원,업종,2024-01-25 18:35:36
boisg1r27,삼릉,업종,2024-01-25 22:05:27
gagfeocb4,금정구민체육관,시설명,2024-01-26 01:59:07
sqhqwenlu,로체스터재활병원,업종,2024-01-27 16:00:15
hpjyoszbk,온누리안과,지역,2024-01-28 01:44:49
gvzifokpo,춘천 삼악산 호수케이블카,업종,2024-01-28 13:30:27
fsgaxarvt,인천광역시 동구 공영주차장,시설명,2024-01-28 23:47:33
ktbbrpgsr,인제대학교부산백병원,지역,2024-01-29 20:25:45
tazcw3453,지샘병원,지역,2024-01-30 01:16:25
lxbtuflg3,서대문자연사박물관,지역,2024-01-30 07:31:19
klzqo1ebo,통영시 공설봉안당,시설명,2024-01-31 05:11:00
xfoffnjc7,대명콘도 단양 ,지역,2024-01-31 18:11:20
wdrrxcn18,올바른치과,지역,2024-01-31 21:45:34
zxvxxt1vj,부산광역시 기장군 공영주차장,업종,2024-02-03 07:35:35
prfusngg1,통영시 추모공원,업종,2024-02-04 16:46:09
qgngus3y0,창원시 보건소,업종,2024-02-04 23:55:31
oirfbyp62,시화병원,업종,2024-02-05 05:31:39
hpdzpynaa,하동군 레일바이크,지역,2024-02-05 09:43:24
qoerr9s5r,양주시 서부권스포츠센터,업종,2024-02-05 11:43:54
xehbwte1q,대명콘도 변산 ,업종,2024-02-06 20:17:22
syloyijy4,동신대학교 광주한방병원,지역,2024-02-07 07:25:56
hmabdjri5,백영수미술관,시설명,2024-02-07 10:07:25
ywyud6bkx,홍유릉,시설명,2024-02-07 16:24:38
enuzdsaw0,통고산휴양림,지역,2024-02-07 23:05:28
hhexog9az,대한기술교육학원,업종,2024-02-08 00:57:21
lorknwkoo,옥천군 공영주차장,업종,2024-02-08 08:00:12
mlljr7mgw,성애병원,업종,2024-02-08 09:03:48
wfxlgdtyc,안양시 공영주차장,시설명,2024-02-08 11:08:33
qhbehyaeo,건강한치과의원,시설명,2024-02-08 20:01:03
hngdtqb2m,제주돌문화공원,시설명,2024-02-09 18:17:04
duvfeqnb7,동신대학교 광주한방병원,지역,2024-02-10 06:03:51
nqzswress,의정부시 주민자체센터,시설명,2024-02-10 21:27:29
gzxnlqtp2,대한안과의사회 전주 푸른안과 ,업종,2024-02-12 01:20:45
ycrzvstff,대명콘도 제주 ,시설명,2024-02-12 04:23:56
jgzdf4zbf,덕수궁,시설명,2024-02-13 04:09:14
ceyvyq9ug,스마트치과병원,시설명,2024-02-13 12:26:19
msxtn4d48,대전시립제2노인전문병원,업종,2024-02-14 06:45:49
udweeg3ei,인천광역시 중구 문화관광시설,지역,2024-02-14 16:33:47
wjycon58t,영광군 청사 부설주차장,업종,2024-02-14 20:33:08
tzgza0vhy,철원군 체육시설물,시설명,2024-02-17 00:54:50
ojkquy5iy,진주레일바이크,시설명,2024-02-17 01:23:27
lkfqqv19w,대한안과의사회 천안 서울안과 ,시설명,2024-02-17 11:19:51
dslmnli9w,첨단종합병원,업종,2024-02-18 03:57:40
jsumy1ash,진주고려병원,업종,2024-02-18 16:03:16
mqfec1qs1,붉은오름자연휴양림,시설명,2024-02-18 18:21:45
vuynhq8is,동대문구 공영주차장,지역,2024-02-19 08:45:04
rrhazr2t6,탑플랜트치과,시설명,2024-02-19 18:41:21
fqewnrdua,도봉구 공영주차장,시설명,2024-02-19 20:59:59
ywuda8tsg,NH농협 경남본부,업종,2024-02-20 01:19:49
bzqtxeg4w,과천시청 부설주차장,시설명,2024-02-20 02:23:38
jlmxnt1w3,창명제어기술,지역,2024-02-21 08:46:00
svfbu2btt,대구굿모닝안과,시설명,2024-02-21 15:02:15
tuojmy9lb,부민장례식장,업종,2024-02-21 20:38:26
ajmsk5ja3,의령 화정복합문화센터,시설명,2024-02-22 07:13:26
hmdxtriy8,서귀포 치유의 숲,지역,2024-02-22 09:28:32
wvfix3ldr,태화강 국가정원 전동차,지역,2024-02-23 00:16:12
ywuda8tsg,대구사격장,시설명,2024-02-23 07:49:12
qpqofg3zw,교래자연휴양림,시설명,2024-02-23 20:02:56
htivnjizc,인천광역시 부평구 체육시설,시설명,2024-02-23 21:12:27
ljjcrfsa5,김해가야테마파크,지역,2024-02-24 06:03:22
ioxlabm4u,인천광역시 서구 공영주차장,지역,2024-02-24 13:55:04
yzvix4796,청주시 공영주차장,업종,2024-02-24 20:48:50
ezdlldsn6,양평군 공영주차장,지역,2024-02-26 02:48:24
clxotret1,고성군 보건소,지역,2024-02-26 21:48:42
nxvmpb2l3,안양시 체육시설,지역,2024-02-29 04:38:38
nzzjrvzp5,대한안과의사회_드림성모안과강남,업종,2024-02-29 07:16:15
ozskgi2ti,인천광역시 계양구 체육시설,업종,2024-02-29 08:49:05
htrtenojm,남해군 체육시설,지역,2024-02-29 12:21:43
sriyzeyuf,상주시노인종합복지관,지역,2024-02-29 12:36:09
myycxiq1n,선동잔디구장,지역,2024-02-29 13:19:40
ugxwlxrjx,하남시 도시공원 내 주차장,업종,2024-03-02 14:28:23
ceyvyq9ug,고성군 문화체육센터,시설명,2024-03-03 11:18:55
jmpwgajnz,인천광역시 계양구 공영주차장,업종,2024-03-04 11:26:39
fhoztgwpt,아이투아이안경원,시설명,2024-03-04 22:42:44
ipdoswht5,수리산 상상마을,업종,2024-03-05 07:06:05
adlmeothj,여수시 보건기관,시설명,2024-03-05 10:08:47
fhoztgwpt,대한안과의사회_태안과,시설명,2024-03-05 14:22:15
trdgmf6j1,상주시 공영유료주차장,업종,2024-03-05 16:49:22
pskwlfsfo,철원군 화강문화센터,업종,2024-03-05 18:28:30
qtsfhayve,가평군 설악생활체육공원,시설명,2024-03-05 20:03:39
juaevo2s2,머슬핏휘트니스,업종,2024-03-06 07:42:29
qjbxheic9,양주시 고읍축구장,업종,2024-03-06 11:24:21
cninvvgx9,이중섭미술관,지역,2024-03-06 13:12:21
crdhi4z2r,곡성 대황강 자연휴식체험장,시설명,2024-03-07 00:19:12
jshofon57,안성성모병원,업종,2024-03-07 05:14:04
dyonlt18h,하늘안과,업종,2024-03-07 16:16:20
gsdwdmu5x,수원자생한의원,업종,2024-03-07 19:43:45
iiapw0wd7,군 복지시설_체력단련장,업종,2024-03-08 14:57:12
raangwyn3,천안중앙직업전문학교,지역,2024-03-09 23:21:43
saizmgcjq,가평군 설악야구장,업종,2024-03-10 03:03:45
xoubrdeyd,가평군 설악야구장,지역,2024-03-10 14:31:01
fivjtm07x,장사도해상공원,업종,2024-03-10 20:59:06
fbccehrob,둔산직업전문학교,업종,2024-03-11 17:09:30
wcndhicuw,상주시 보건소,업종,2024-03-12 04:38:55
oogvnriys,대명콘도 단양 ,업종,2024-03-12 06:20:17
otfce6dfx,제천 의림지 역사박물관,지역,2024-03-13 05:40:07
uwnal3krp,스카이팜에듀교육원,지역,2024-03-13 06:57:43
mqklurvir,보은군 공영주차장,업종,2024-03-13 20:47:27
ekxbmt0xv,안산시 공영주차장,시설명,2024-03-13 22:56:07
ztmfhjl3d,서대문형무소역사관,시설명,2024-03-14 00:56:34
nsrsdfr1d,탑플랜트치과,지역,2024-03-14 10:53:22
txsdcupgk,아주대학교병원,업종,2024-03-14 20:24:14
dnulvfw8p,해남군 장사시설,시설명,2024-03-15 03:46:44
zdqes7l6g,전주에스한방병원,업종,2024-03-15 12:19:55
tquzcr6vk,구미차병원,시설명,2024-03-15 13:44:50
qiuone16k,킹덤치과,시설명,2024-03-15 20:59:25
vlifq1m3n,인제대학교상계백병원,업종,2024-03-17 00:12:32
pchwg5tff,전국안경사협동조합_서울관내 58개 안경원,업종,2024-03-17 16:01:17
osnvyneje,세종문화회관,지역,2024-03-18 02:47:18
ymnizf9jf,삼성힐정형외과,시설명,2024-03-18 22:49:13
zdybjkl38,인제군 주민자치센터,시설명,2024-03-20 09:24:37
iqjqhhxc5,대한안과의사회 천안 서울안과 ,시설명,2024-03-20 17:29:00
frrtj2ove,동하재활의학과의원,시설명,2024-03-20 19:55:58
wjycon58t,일등플란트치과,시설명,2024-03-20 20:09:49
inlqmnm1e,동작구 평생학습관,업종,2024-03-20 20:33:54
kyekr8ncx,NH농협 경남본부,지역,2024-03-20 23:12:28
irqsb2bis,인천광역시의료원,업종,2024-03-22 12:55:20
gbvihkei0,진주시 시립공원,지역,2024-03-22 15:39:41
fqfbh5v9k,양주시 덕정탁구장,시설명,2024-03-22 18:29:18
vwnhfc7jr,구갈서울안과,지역,2024-03-22 19:09:54
zzcauyl7p,수요양병원,업종,2024-03-23 07:10:04
ikhlvfgcu,금호콘도 설악 ,지역,2024-03-23 23:47:42
hedpvlhvf,김치나라,시설명,2024-03-24 04:27:14
feswvksnv,의정부시 주민자체센터,업종,2024-03-24 10:37:26
eoermljms,대전보훈병원,업종,2024-03-24 12:54:38
ybvfp4v1h,베일리수 스튜디오 광주점,업종,2024-03-24 16:52:00
jxdkbymkp,안성시 평생교육 학습관,시설명,2024-03-24 21:10:55
oultatbn5,부산광역시 수영구 공영주차장,지역,2024-03-25 07:32:35
kxtket4om,서재문화체육센터,시설명,2024-03-25 20:42:11
jirxwh778,서대문자연사박물관,지역,2024-03-26 10:33:19
pzrhynud2,부산광역시 금정구 공영주차장,시설명,2024-03-26 22:58:37
yaozrgtgo,서산시 사회복지관,시설명,2024-03-27 23:27:50
ilkjwpubj,원주시자연휴양림,업종,2024-03-28 10:45:55
adboydqr2,대한안과의사회 보다안과 ,업종,2024-03-28 22:50:12
xpdbft8p8,안양시 체육시설,지역,2024-03-29 08:26:24
ctltlwjqn,거창군 주차장,업종,2024-03-29 08:59:47
fjfqngld7,의왕레일바이크,업종,2024-03-29 16:01:45
pesbc6hy0,양구 국토정중앙천문대,업종,2024-03-30 01:28:21
tqwyw7pv6,근로복지공단 대구병원,시설명,2024-03-30 03:44:52
hqsgac2qz,V성형외과피부과,지역,2024-03-31 01:30:13
qtsfhayve,가평군 설악생활체육공원,지역,2024-03-31 06:02:43
itsdmwndf,대한안과의사회 대구안과 ,시설명,2024-03-31 10:58:22
bepqbgcrz,국립국악원,시설명,2024-03-31 12:30:05
yqxswtt9r,거제시 추모의집,지역,2024-03-31 19:18:48
vuttxdc0q,인제대학교서울백병원,업종,2024-03-31 22:33:39
mblgbxpqd,진천 종박물관,시설명,2024-04-02 01:19:07
dpcwv620h,대한안과의사회-눈사랑안과,업종,2024-04-02 09:21:23
ceyvyq9ug,남해군 체육시설,시설명,2024-04-02 22:27:15
mpkjw1r6l,대한안과의사회 아이시티안과 ,지역,2024-04-02 22:41:47
ivafsd7jd,진주시 진양호동물원,시설명,2024-04-03 15:34:41
vvtrr7wgt,제주세계자연유산센터,업종,2024-04-04 13:55:06
zivsd4mpq,조안베어뮤지엄,업종,2024-04-05 04:31:38
tzdlhcmxt,옥천군농업기술센터,업종,2024-04-06 05:21:12
amrgi8rry,연세바른안과,업종,2024-04-06 05:26:34
efyvbizut,메가박스 양주 ,시설명,2024-04-06 07:55:17
daunb1hku,대한안과의사회 르네상스안과 ,시설명,2024-04-07 04:22:20
clpkpx2qs,대구 누네안과병원,지역,2024-04-07 12:02:08
gxvlftd6x,한번에치과,업종,2024-04-08 01:08:05
uoshcaxbc,대한안과의사회_밝은내일안과,지역,2024-04-08 02:25:00
ghxaecnjx,글로벌안과,업종,2024-04-08 06:10:59
cauxg2hvx,강릉선교장,시설명,2024-04-08 08:53:39
sybeb28qn,국립백두대간수목원,시설명,2024-04-08 15:12:06
wdplay9nq,양주시 목재문화체험장,업종,2024-04-08 16:20:34
kaflio1jl,세방한의원,업종,2024-04-09 02:33:25
npodpc504,양주예쓰병원,업종,2024-04-09 10:17:41
pyjdozq7z,파주시평생학습관,업종,2024-04-11 08:27:19
uqbldmlu3,대전지방변호사회,지역,2024-04-12 14:26:33
jqtly2hkm,제일장례식장,시설명,2024-04-12 21:31:51
gnerxk0jn,대한안과의사회 천안 서울안과 ,지역,2024-04-14 10:51:40
tbrwzdgv1,보성차밭 빛축제,시설명,2024-04-14 15:44:37
zgcgrmgol,교보문고 부산점,업종,2024-04-14 21:26:52
movgc783j,의령 벽계야영장,지역,2024-04-15 00:36:24
mrinti7v3,창원시립장사시설,업종,2024-04-15 22:34:48
hdzzihn0v,롯데시네마,지역,2024-04-16 04:59:28
aqdse8ayt,CGV 영화관,지역,2024-04-16 15:54:49
srwbml54l,이 안경,지역,2024-04-16 22:21:22
exxrmn3bx,소인국테마파크,지역,2024-04-17 21:27:31
sazjddmx8,더미소교정치과의원,시설명,2024-04-18 03:01:29
gjesyy1l7,서울특별시보라매병원,업종,2024-04-18 20:45:23
gvkdxds7r,광주시 주민자치센터,지역,2024-04-19 00:06:16
jyuwjfsk5,나우리 요양병원,업종,2024-04-19 06:19:25
rueuu526k,명복공원,시설명,2024-04-19 13:01:02
adnhhgya1,대한안과의사회-세종우리성모안과,업종,2024-04-19 18:58:21
bwplwfg1c,한번에치과,지역,2024-04-21 19:16:38
rpbaowvui,인제군 국민여가 캠핑장,지역,2024-04-21 23:46:58
mqklurvir,하동군 구재봉 자연휴양림,업종,2024-04-23 12:29:21
imbqt1tlh,건양사이버대학교,시설명,2024-04-23 13:53:27
jfasz9zzd,수원시 공영주차장,지역,2024-04-23 20:45:13
ujosggdr1,대한안과의사회_삼성안과,시설명,2024-04-25 02:41:24
suzympi1i,시흥시 곤충전시체험관,시설명,2024-04-25 11:50:09
fddpd9xtt,강서구 평생학습관,시설명,2024-04-26 02:06:29
vojjqvcxv,대전대학교 서울한방병원,업종,2024-04-26 02:38:20
sbwjl1uwu,태백국민체육센터,업종,2024-04-26 08:14:18
tyhuaa2a8,송원대학교,업종,2024-04-28 16:17:45
dicapkezr,무안 종합스포츠파크 실내수영장,업종,2024-04-29 02:03:54
acojm57i9,부산광역시 서구 공영주차장,업종,2024-04-29 02:23:50
tzhlfg37l,세무법인 동반,시설명,2024-04-30 06:00:23
jbwzm79ci,서산시 공영주차장,업종,2024-04-30 11:55:32
odnitdw7s,그랜드우리안과,업종,2024-04-30 18:27:50
bwplwfg1c,가평군 조종생활체육공원,지역,2024-05-02 04:38:44
stivmzzws,수원시 화성관람료,업종,2024-05-02 15:16:45
rdtqlhb3y,뿌리병원,업종,2024-05-03 05:24:25
wayfrdnno,제주돌문화공원,업종,2024-05-04 03:40:39
jvqact3te,티파니 안경타운,지역,2024-05-04 13:35:52
gvqlysumt,부스터짐,시설명,2024-05-05 00:34:41
qgpnu7v2a,영월군 주차장,시설명,2024-05-05 04:36:42
mqwbcfjzs,구리시 보건소,시설명,2024-05-05 05:41:38
yfhnbjdln,뜰안채안경,업종,2024-05-05 09:52:18
daetggk5z,대한안과의사회 누네빛안과 ,지역,2024-05-06 17:24:19
wkptyjlzb,의정부병원,지역,2024-05-06 20:09:48
schzxu0sk,대한안과의사회 김진갑안과 ,지역,2024-05-07 16:06:06
aiwchvfii,아주자동차공업사,업종,2024-05-08 01:14:41
oqbmrc0o3,메트로치과,시설명,2024-05-08 12:47:15
upawueiyu,인천광역시 미추홀구 주민자치센터,시설명,2024-05-09 11:25:02
rzyuq86wr,송파구 보건소,시설명,2024-05-09 20:39:14
eexkp7stl,강서구 공영주차장,시설명,2024-05-10 07:35:24
sdwexa1k5,독립기념관,업종,2024-05-10 11:24:15
wtolk4x9b,대한안과의사회 보다안과 ,업종,2024-05-10 14:43:00
qrgntk8mg,아중요양병원,지역,2024-05-10 16:32:39
npkrpuw0r,해성병원,지역,2024-05-11 17:00:43
yetqichcu,의령 보건소,지역,2024-05-11 22:37:23
uvqtisrtc,수원자생한의원,지역,2024-05-12 05:06:20
sazjddmx8,송도 플러스정형외과,시설명,2024-05-12 12:28:49
lfmwt3dse,아중요양병원,업종,2024-05-12 20:23:38
fcams5bsj,세종충남대학교병원,시설명,2024-05-13 00:26:36
evsqaivkj,웰니스병원,업종,2024-05-13 02:55:47
urzbq4zto,원광대광주한방병원,시설명,2024-05-13 06:53:33
qgrfopczv,인천광역시 중구 문화회관,시설명,2024-05-13 07:50:46
kknhqq9gl,서원대학교,지역,2024-05-13 10:03:05
uwzxw4bdn,여수예술랜드,지역,2024-05-13 12:11:43
trybijrl8,대한안과의사회-예일안과,업종,2024-05-13 22:03:33
zinkbamwj,통영시 주차장,지역,2024-05-14 04:46:50
aqdse8ayt,금정구민체육관,시설명,2024-05-15 17:27:14
ztvhypg60,용인자연휴양림 주차장,지역,2024-05-15 20:26:34
vvmpn1eo4,삼척의료원,지역,2024-05-16 00:15:11
ojdeem9bz,군포시 주민자치센터,지역,2024-05-16 07:55:44
jiospcr46,창원자생한방병원,지역,2024-05-16 09:00:24
gagui6btn,가평군 상면생활체육공원,시설명,2024-05-16 18:46:31
qqmdsg9lo,대한안과의사회 르네상스안과 ,업종,2024-05-16 21:28:39
bandspnls,안산시 어촌민속박물관,시설명,2024-05-17 12:57:04
mmffgf7v1,서울특별시보라매병원,시설명,2024-05-19 18:43:26
tshcl26zo,인제군 장사시설,지역,2024-05-19 21:15:18
sxwpbfpyj,진주시 농기계임대사업소,지역,2024-05-20 13:57:57
xalsgikd0,순천향대학교서울병원,업종,2024-05-20 16:12:23
irmjz18me,구리국민체육센터,시설명,2024-05-21 05:35:14
dkicz35li,대명콘도 변산 ,지역,2024-05-21 07:07:51
ysidfl5vq,휘트니스H,시설명,2024-05-21 12:51:42
cpnfw3khc,서오릉,지역,2024-05-22 13:17:35
zqavmj6lw,대구미술관,시설명,2024-05-22 14:45:30
kbzegtfes,금정국민체육센터,시설명,2024-05-23 10:24:14
noqyyy1lt,대전대학교 서울한방병원,시설명,2024-05-24 02:15:44
fkwzvbxsu,연세고운미소치과의원,지역,2024-05-24 23:14:29
ektbwc3kh,허병원 열경의료재단 ,시설명,2024-05-25 02:27:07
wokmarag8,거제시 추모의집,시설명,2024-05-25 18:34:59
bzpnve443,머슬핏휘트니스,지역,2024-05-25 22:51:46
wynodbbc0,강남서울밝은안과,지역,2024-05-26 02:59:06
zmltvm05q,성북구 공영주차장,업종,2024-05-27 00:02:04
cyndh9btm,산청군 공설묘지,시설명,2024-05-27 18:58:36
peylc50s2,김일섭 치과의원,시설명,2024-05-28 14:50:30
esgyl3py0,대한안과의사회 대구안과 ,업종,2024-05-30 06:27:43
jhmvyveka,안산시 동주염전 체험장,업종,2024-05-30 12:03:23
lyrxdf88p,스카이팜에듀교육원,지역,2024-05-30 20:32:17
gzobdmy7m,김포시 금빛수로 수상레저시설 및 썰매장,시설명,2024-05-31 00:46:43
jjavdnjjx,커피놀이터,업종,2024-05-31 14:30:33
