userid,시설명,예약일시
zfxqlzk3y,사람과자연협동조합,2024-12-12
hksjalfio,대한안과의사회_드림성모안과강남,2024-09-24
wnfkhymnn,교보문고 센텀시티점,2024-10-29
wgloeg3gq,크롬웰안경,2024-08-17
gagfeocb4,옥천성모병원,2024-12-06
txrvz8qz6,곡성 대황강 자연휴식체험장,2024-06-19
rdasicunp,여주시 보건소,2024-06-19
qjqhne7py,호텔샬롬제주,2024-10-06
hxbzxjmku,도봉구 체육시설,2024-09-12
eawnyovpx,창원시립장사시설,2024-06-10
xhenfs19w,국립대구기상과학관,2024-07-21
yvqbgtcjs,진주시청 부설주차장,2024-09-14
xdxqge96f,대구실내빙상장,2024-10-22
prkvqvvbb,청평백암천,2024-06-13
lfeqx2y55, 주 한얼누리 ,2024-08-15
mfrwvs024,옥천군 평생학습원,2024-06-15
vpnedkbh4,수요양병원,2024-12-16
rewvmutof,덕유산휴양림,2024-11-10
qfszxrrck,태백시 용연동굴,2024-12-03
hyfpco0bz,순천시 청소년시설,2024-10-29
nimsn3pl3,인제대학교부산백병원,2024-12-19
eppdws4y2,평창군 광천선굴 어드벤쳐 테마파크,2024-11-20
ldcejydp8,구미차병원,2024-06-10
rnglq14vs,오창호수병원,2024-09-02
rrxbful5f,한국병원,2024-07-20
ajsotj56j,인천광역시 부평구 공영주차장,2024-09-10
cxjenh4n5,남문통닭,2024-11-01
bsosjpkmp,송원대학교,2024-07-12
rzcnl2cf0,국립백두대간수목원,2024-08-31
eqpdp69h9,성남시 시립예술단 공연,2024-09-11
ewgtngux0,노원구 보건소,2024-07-31
dfdxdlu7l,일이삼한방병원,2024-06-14
kglsi3q8w,화성시 공영주차장,2024-08-11
iwiox7iyi,국립국악원,2024-11-13
mlyaoizgg,진주시 진양호동물원,2024-07-26
ztvhypg60,군포시 청소년수련시설,2024-07-12
eaqkib6iw,디딤병원,2024-12-18
rzyuq86wr,충북대학교병원,2024-11-27
eiwplf5v2,유디중앙로치과의원,2024-11-19
utknkn646,세종시 공영주차장,2024-11-03
unbht8ocq,영월 동서강정원,2024-11-10
bwoevop5x,군포시 문화예술회관,2024-08-12
gxvlftd6x,플레이네이쳐,2024-10-16
jkhrgyhvz,그랜드우리안과,2024-12-30
wqpudy7zb,가평군 상면생활체육공원,2024-09-27
ywfjdjm3f,부스터짐,2024-07-01
vwdwrqna2,청주의료원,2024-10-15
stivmzzws,청담한방병원,2024-07-21
fbkeum097,고창읍성,2024-08-07
boisg1r27,대전보훈병원,2024-07-05
ivhih0i6l,옥천군 보건소,2024-09-14
cauxg2hvx,대한안과의사회 에스안과 ,2024-06-21
zidcw1aqm,아주자동차공업사,2024-09-23
uvhdu5jq4,대전을지대학교병원,2024-09-19
pnfxtnwvn,춘천 삼악산 호수케이블카,2024-09-24
wtolk4x9b,대산미술관,2024-06-18
wlhvjmat7,안동의료원,2024-12-12
ljnfwasip,오륜동 인조 잔디구장,2024-12-22
driwnjub1,팀바디매스,2024-09-20
cjtjp24p1,그랜드우리안과,2024-11-06
mcwkvucxj,서산시 사회복지관,2024-10-27
cpjosidxh,대한안과의사회 SU연세안과 올림픽점 ,2024-07-17
djlxf703g,대명리조트거제,2024-07-07
jdkyfubgf,상주박물관,2024-11-30
lbhfpuqcw,구갈서울안과,2024-12-24
ahtcxldr2,대구 누네안과병원,2024-07-04
mlhmy7mh8,김포시 평생학습,2024-07-05
rhkbe2s6n,더미소교정치과의원,2024-11-25
dfhhggi3x,대한안과의사회 센텀소중한눈안과 ,2024-08-01
cnzhpo6tl,국립대구과학관,2024-06-25
zirfinhca,인천광역시 연수구 평생교육,2024-06-17
ougllydh3,연세대학교용인세브란스병원,2024-09-16
nvievw38k,충주의료원,2024-11-09
dfdxdlu7l,수원시 화성관람료,2024-08-26
stivmzzws,한국한센복지협회 제주특별자치도지부 복지피부과 의원,2024-06-20
lbgcizkic,운장산휴양림,2024-10-03
ulbcdiotw,강남자생한방병원,2024-09-01
kwwdb3gly,진주시립 이성자미술관,2024-12-21
txsdcupgk,대한안과의사회 서울안과 ,2024-10-25
iylajpsn4,남한산성 행궁,2024-11-13
xftvpxxkb,의정부시 주민자체센터,2024-10-06
plgpt7i91,행복한치과,2024-08-23
pkamsneme,용인시 체육시설,2024-11-09
iraxyp8t8,순천시 청소년시설,2024-07-30
uzomql1nk,제주민속자연사박물관,2024-07-12
wiern5f5l,송파구 공영주차장,2024-09-03
sqlayjd8l,사람사랑치과,2024-11-26
urmap2rjp,NH농협 경남본부,2024-12-12
ipdoswht5,올림픽기념국민생활관,2024-09-10
hfhaqd2ld,금정구민운동장,2024-09-14
xrfxlewec,산청군 공설주차장,2024-12-24
mchbddtub,동두천시 평생학습관,2024-11-18
xfuoyns88,혜성병원,2024-09-09
dpbhxs8pl,광주보훈병원,2024-06-22
qsnfc8nxg,골든튤립호텔남강,2024-11-19
yffhz0h7d,곡성군 자연휴식지,2024-11-21
oreufn9im,거제시 체육시설,2024-10-13
pjrfw1fxx,예이재한방병원,2024-06-16
cpalf0abm,수원시 공영주차장,2024-08-02
wbglaeggn,밝은누리안과,2024-10-23
kcmwzxvr3,서복전시관,2024-06-21
hzvomj21b,양주시 보건소,2024-08-26
xcpoo9ojn,인천문화예술회관,2024-06-17
ektbwc3kh,강동병원,2024-06-28
ycnqm8mdp,양천구 공영주차장,2024-08-25
qnsfqhvy6,강서구 체육시설,2024-11-28
cpxypa7jp,인천광역시 부평구 보건소,2024-11-06
kzashy6vn,곡성군 체육시설,2024-08-01
cuzaf2xpe,창녕군민탁구장,2024-10-21
hzdyqd51h,진주시 능력개발관,2024-08-07
fqewnrdua,메종글래드 제주,2024-12-10
pjweh1lhg,전주에스한방병원,2024-09-05
qmqpl09qg,하동군 공설봉안당,2024-09-19
ltoja6k4f,메트로치과,2024-08-11
fkaxq7h2w,인천광역시 미추홀구 보건소,2024-10-27
bhvnbi8f7,진주시립 이성자미술관,2024-06-19
bsyeylkd4,김포시 체육시설,2024-06-11
jxayrdfhd,밀양시 공설화장장,2024-09-16
zpqjm7cos,인천광역시 중구 공영주차장,2024-12-09
bzhrfcsvi,전주자연생태박물관,2024-10-23
ruqdx9wl4,한국폴리텍7부산캠퍼스,2024-08-15
cbohegrvq,서울특별시보라매병원,2024-06-21
mlljr7mgw,서울마디정형외과의원,2024-10-20
ohlpulfb0,오렌즈 신제주점,2024-07-13
lkfqqv19w,동산병원,2024-11-08
zjxfk05mb,양구 국토정중앙천문대,2024-09-17
jshofon57,지샘병원,2024-07-09
xnkzu4vxm,성산일출봉,2024-06-14
jjoatzdz4,장령산자연휴양림,2024-10-12
gtdyz8abk,인천문화예술회관,2024-10-08
mzlrgfyxl,교보문고 센텀시티점,2024-09-22
mgjhq8eut,대전병원,2024-10-08
xpdesknby,강원도영월의료원,2024-09-05
ouxrk0nu1,사람사랑치과,2024-08-15
ufvlteloa,태백시 주민자치센터,2024-07-13
gamdnkwa1,최남단 안경원,2024-10-20
hjehscujh,수요양병원,2024-07-15
rrelm3ck5,진주익룡발자국전시관,2024-12-30
pevcmi6gs,부천대성병원,2024-08-05
rxluw83ma,태릉,2024-12-05
otiscjzid,하나로의료재단,2024-08-16
uymnwi66w,가평군 보건소,2024-06-23
daywqgzo6,강릉 아나병원,2024-06-07
pqlfzeslk,방장산휴양림,2024-12-17
fqewnrdua,속리산말티재휴양림,2024-08-30
qxejitezh,백두산한의원,2024-11-23
gpaozwmj1,속초시장닭집,2024-08-04
hwxqozktq,서울신세계안과의원,2024-09-11
xpdbft8p8,LG전자베스트샵학동점,2024-07-19
pgqcvyl3r,대전선병원,2024-10-19
qwiiisex5,통영시 주차장,2024-08-31
jhljxb0wz,하동군 금오산어드벤처 레포츠 시설물,2024-12-28
ifkgj8d7q,㈜제주한라렌트카,2024-06-08
epsexn4ki,최남단 안경원,2024-07-29
jeyqej5a5,㈜한성브라보,2024-10-24
jeyqej5a5,노원구 공영주차장,2024-08-20
najvx57p1,아중요양병원,2024-10-14
psrjdb0lb,양주시 옥정호수스포츠센터,2024-07-25
vrerxw2k6,서복전시관,2024-10-15
rwkce2eic,한국민속촌,2024-11-06
svfbu2btt,대한안과의사회_서울연세안과,2024-10-23
nhjudcr22,서정치과의원,2024-10-06
opxjh4g9g,김해시 공영주차장,2024-10-04
itsdmwndf,대한안과의사회 YB안과 ,2024-09-11
pbsznbzm4,창원힘찬병원,2024-08-29
ahjvn3juc,홍천가리산휴양림,2024-12-21
mpwnmtik4,진주시 시립공원,2024-12-27
ffesohwa1,정동심곡 바다부채길,2024-10-28
xuailwem0,부평성모안과,2024-11-29
shyzjaucq,참사랑병원,2024-06-08
frrtj2ove,무안 종합스포츠파크 실내수영장,2024-08-03
driwnjub1,청남대,2024-12-15
tbvgtsagk,마포구립도서관,2024-06-19
jvmor52lf,하나병원,2024-08-10
nrjcjjspr,안성시 보건소,2024-08-14
weptw6cns,홍천군종합사회복지관,2024-11-02
xoubrdeyd,국민은행,2024-11-10
pfsyobacb,상주시 농기계임대사업,2024-06-11
bfnto2pnn,상지대부속한방병원,2024-06-21
fqewnrdua,양주시 목재문화체험장,2024-10-17
lbakjh646,의정부 서울척병원,2024-08-10
dkkbynfpv,의왕시 공영주차장,2024-12-16
umzukj372,제주현대미술관,2024-10-03
mkoejcpjc,구리시배드민턴장,2024-11-07
taxcrn5qr,춘천시공영주차장,2024-12-21
ukpctqd5v,우쌤전산세무회계직업전문학교,2024-09-12
uzfte50kx, 창원 상남 굿모닝내과병원,2024-06-26
fegmqqtk5,홍천군 주차장,2024-08-28
xhovb1kue,가평군 가평야구장,2024-09-07
qgmumz4u9,신불산폭포자연휴양림,2024-11-04
tkrsv17st,한국원자력의학원원자력병원,2024-08-02
omzwdf6i1,속초시장닭집,2024-12-12
suzympi1i,인제군 주민자치센터,2024-08-28
hyoks535x,밀양시 공공체육시설,2024-07-31
qzfoqfcdp,가톨릭대학교 부천성모병원,2024-08-16
okafzn6ed,덕수궁,2024-12-04
ekdyrknn4,가평군 조종생활체육공원,2024-07-23
xrfxlewec,강릉원주대학교 치과병원,2024-09-02
iyszghn2o,의왕시 공영주차장,2024-11-23
atqmj752u,대한안과의사회 조은눈 굿아이 안과 ,2024-10-01
dwwcbufzk,대전대학교 대전한방병원,2024-06-18
wjedvowa1,안양시 공영주차장,2024-11-18
zqperqljn,마라해양도립공원,2024-08-12
dhipgxypy,창원시립장사시설,2024-07-03
jwsqtc6r1,거제시 보건소,2024-06-09
ygbdnujj9,동작구 공영주차장,2024-12-02
mqwbcfjzs,이 안경,2024-10-05
twkwmxjq6,천지연폭포,2024-07-17
tdgbwiltw,천지연폭포,2024-10-18
zldhrygqp,괴산군 보건소,2024-12-28
mbhwqxjlm,하나병원,2024-10-19
jownrmhk2,교보문고 울산점,2024-06-09
gkfzl6tk6,밝은누리안과,2024-08-08
fvimqq7q7,의정부 서울척병원,2024-08-30
tuojmy9lb,테일러메이드골프볼코리아,2024-11-26
tinbsiwuc,청남직업전문학교,2024-06-28
dpobjy5w0,의정부을지대학교병원,2024-12-28
rzcnl2cf0,진천 종박물관,2024-09-14
omvml13n3,아이투아이안경원,2024-12-10
visquox3x,의령 벽계야영장,2024-12-06
tmyha1yqk,용인대학교,2024-09-14
vlrsl9ea9,의정부을지대학교병원,2024-07-17
wktzpawxu,여수시 체육시설,2024-12-18
lncbtkh6u,전주자연생태박물관,2024-07-21
dslmnli9w,군포시 평생학습원,2024-09-08
gnerxk0jn,양구통일관,2024-06-28
qzhmd435g,옥천군농업기술센터,2024-07-11
wmslm7ukn,대한안과의사회 대구안과 ,2024-10-25
thhmnwpde,대구동산병원,2024-11-02
guzkp1nu4,힐정형외과,2024-11-07
sedlnnhxd,장령산자연휴양림,2024-09-21
kihghw6g0,선릉,2024-10-12
smypjscb4,대명콘도 쏠비치 ,2024-07-19
ggjzogbr7,안성병원,2024-07-10
txtomgn3g,금성제지기계,2024-07-29
eteotzqkq,방림원,2024-10-02
uymnwi66w,첨단종합병원,2024-10-08
gsdwdmu5x,인천광역시 연수구 평생교육,2024-10-01
ttvgkb9qu,거제삼성호텔,2024-09-25
ldxondv00,목포국제축구센터 시설,2024-10-25
nghhl0wu8,경희대스포츠클리닉,2024-08-25
lqqquqxy1,성북구 공영주차장,2024-12-22
khirfszxk,군포시 평생학습원,2024-11-07
bwenktgc5,창원시 공영주차장,2024-09-10
dfsdd7s08,함양군 체육시설,2024-07-17
cuelsglic,선샤인 스튜디오,2024-09-25
nwcmb75b1,밀양아리랑 우주천문대,2024-12-10
ujcdgfws4,국립수목원,2024-11-22
bcrotmjzx,고성군 공설장사시설,2024-10-26
svmrl1qj2,애니메이션박물관,2024-10-04
utgage9ls,보성군 제암산자연휴양림,2024-07-12
gvqlysumt,부산아쿠아리움,2024-10-16
eluoth1ux,뉴월드안경,2024-10-23
jvmor52lf,사람사랑치과,2024-08-19
wqdfwyd1f,원주의료원,2024-10-17
hodmee8qk,전북현대모터스,2024-06-21
jvtmcyurm,금호콘도 충무 ,2024-12-20
mzyidr8ll,강서구 평생학습관,2024-11-19
smikq21hm,팀바디매스,2024-08-11
etcew7v1b,진미통닭,2024-12-23
lwulzx82c,설악썬밸리 리조트,2024-08-02
acojm57i9,고신대복음병원,2024-10-04
gmdmgnjno,구리국민체육센터,2024-07-02
unwmwag2x,마포구립도서관,2024-09-11
fsgakq4px,밀양시 보건소,2024-12-11
cllhe9nlu,청주시 공영주차장,2024-12-23
vjtecnoqt,인천광역시 연수구 평생교육,2024-07-31
iraxyp8t8,에스한의원-익산,2024-08-10
ndyhl327n,대한안과의사회 제일안과 ,2024-07-21
jmjgkspe9,담양국민체육센터,2024-09-05
xyaqaian4,대구미술관,2024-08-25
qeurlfw42,대구시설공단 공영주차장,2024-10-11
xrlfrkkyu,한림정낭장례식장,2024-11-06
qynjb6670,원주시 공영주차장,2024-10-17
jepdxjs69,달천공원 오토캠핑장,2024-06-22
osnvyneje,경남은행,2024-07-16
xqtptrx87,제일케미칼,2024-09-25
uzmou1xwl,미소진치과의원,2024-07-03
epsexn4ki,구리시배드민턴장,2024-08-09
kepul1uy5,인천광역시 미추홀구 공영주차장,2024-06-30
xfuoyns88,비자림,2024-09-05
plvnzo7lx,제주유리의성,2024-08-06
gtfxdss46,평택시 공영주차장,2024-09-10
whcrpcjb5,브이쿨 킹카,2024-07-18
aoziflmey,김포시 함상공원,2024-10-28
bhbifxjjk,이순신 리더십 국제센터,2024-08-07
apraefyap, 주 아신아트컴퍼니,2024-12-10
ghkuksm3d,포천병원,2024-07-27
ewddt26u7,올리브안경갤러리,2024-09-27
ukmed8zyd,강원효장례문화원,2024-06-19
xtlbeo97h,태백시 평생학습관,2024-07-30
hucnfmn8u,태백국민체육센터,2024-12-18
waacg97ct,철원군 고석정 및 철의 삼각지,2024-12-02
depsr3skl,금정구 테니스장,2024-07-29
wdehdpesl,아중요양병원,2024-10-30
wzzlkewar,태백시 장사시설,2024-06-19
oxrxmzzbq,태백시 용연동굴,2024-10-26
afiwyez5f,용성통닭,2024-08-07
jvmor52lf,인천광역시 남동구 공영주차장,2024-08-14
xegvhnn8w,윌스기념병원,2024-11-02
hmdxtriy8,인제대학교서울백병원,2024-10-24
iyhlbjaa4,브이쿨 킹카,2024-11-12
rzqlvobm2,안성병원,2024-11-05
oikctfasf,중랑구 체육시설,2024-06-23
epcbhh52i,아리아팜 꽃·카페,2024-10-25
qmmltx96c,항공우주박물관,2024-10-14
aaqtg3y2r,대구승마힐링센터,2024-09-08
dwcwe583y,동작구 체육시설,2024-08-03
navgxhsv3,서전 안경원,2024-06-24
bzpnve443,수원시 화성열차,2024-11-06
ocisg5jl8,디딤병원,2024-09-08
ripdoscts,시흥시 공영주차장,2024-06-14
dyonlt18h,대전시립제2노인전문병원,2024-12-04
kyvpijhaq,루가의료재단 나은병원,2024-09-16
xfuoyns88,서울신세계안과의원,2024-07-07
